country,year,population,food,fdi,life
Angola,1990,11828638,0,-2.981627998,41.9
Burundi,1990,5483793,0,6.266630536,43.8
Benin,1990,5133419,0,3.466087528,42.2
Burkina Faso,1990,9131361,0,5.236863254,42.1
Botswana,1990,1341474,0,3.837036558,43.4
Central African Republic,1990,2809221,0,8.52948884,45.8
Cameroon,1990,11430520,0,2.398993967,46
Democratic Republic of the Congo,1990,35987541,0,5.382318076,46.3
Comoros,1990,431119,0,17.12159065,45.1
Djibouti,1990,577173,0,40.16725096,45.4
Eritrea,1990,2149960,0,9.62386631,46
Ethiopia,1990,47878073,0,24.00911706,46.6
Gabon,1990,983028,0,11.40619007,47.4
Ghana,1990,15446982,0,20.08101417,49.6
Guinea,1990,6354145,0,9.329243428,50.6
Guinea-Bissau,1990,973551,21.36000061,-3.526655479,51.6
Equatorial Guinea,1990,465549,17.24580002,-0.072001021,52.4
Kenya,1990,23162269,14.11470032,-1.368761628,53.6
Liberia,1990,2209731,18.49500084,1.896315059,54.6
Lesotho,1990,1798997,18.13909912,3.136661988,55.8
Madagascar,1990,11882762,17.4239006,-3.950097761,56.7
Mali,1990,8945026,14.94680023,-2.763035293,57.6
Mozambique,1990,13303459,12.77280045,-1.171719166,58.6
Mauritania,1990,2006027,10.35400009,-5.337281076,59.3
Malawi,1990,9539665,7.031740189,2.664963835,60
Namibia,1990,1369011,9.296469688,11.49770191,60.7
Niger,1990,8370648,21.23550034,-0.360184289,61.1
Nigeria,1990,95214257,40.9862175,-10.72495055,61.7
Rwanda,1990,7319962,22.35026741,-8.299051356,62.1
Sudan,1990,21090886,17.70603943,-5.913333383,62.4
Senegal,1990,7536001,25.23992692,-3.480977926,62.3
Sierra Leone,1990,4325388,23.8987797,-6.461186268,61.6
Somalia,1990,6999096,-0.699999988,-0.150760025,53.3
South Sudan,1990,4750817,-0.5,0.019825555,53.6
Chad,1990,5827069,-0.300000012,0.056291442,54.1
Togo,1990,3875947,-0.300000012,-0.951216946,54.5
Tanzania,1990,26206012,35.20000076,-0.444751627,54.9
Uganda,1990,17586630,19.10000038,-0.356668621,55.3
South Africa,1990,39877570,3.200000048,-0.620945778,55.6
Zambia,1990,7686401,3.200000048,0.537109689,56
Zimbabwe,1990,10113893,7.300000191,0.46002923,56.2
Angola,1991,12228691,-0.300000012,0.253298427,56.5
Burundi,1991,5594828,1.200000048,-0.363490771,56.6
Benin,1991,5293046,2.299999952,0.456588188,56.7
Burkina Faso,1991,9365064,5.5,-0.462423397,56.6
Botswana,1991,1380584,-2.299999952,0.19887034,56.7
Central African Republic,1991,2898052,-0.699999988,-0.658688556,56.8
Cameroon,1991,11777719,9.199999809,-0.133820379,57.1
Democratic Republic of the Congo,1991,37194812,-0.5,-0.175764659,57.5
Comoros,1991,442277,-1.100000024,1.703869671,57.7
Djibouti,1991,628521,18,0.492562945,57.9
Eritrea,1991,2039220,5.599999905,-0.193121755,58
Ethiopia,1991,49937430,5.599999905,0.561144748,58.4
Gabon,1991,1009995,5.659999847,1.508440504,58.5
Ghana,1991,15843471,4.690000057,2.527057775,58.7
Guinea,1991,6615734,2.559999943,2.87863747,59
Guinea-Bissau,1991,993856,-0.769999981,3.054209933,59.1
Equatorial Guinea,1991,483142,0.409999996,1.315011821,59.4
Kenya,1991,23918235,-0.460000008,1.11488131,59.5
Liberia,1991,1939236,-0.050000001,1.581704951,59.9
Lesotho,1991,1829509,2.053162131,1.360735733,60.1
Madagascar,1991,12245260,-2.792124033,1.516207809,60.5
Mali,1991,9123969,0.48961712,1.111838798,60.1
Mozambique,1991,13561175,5.92,2.018004498,59.8
Mauritania,1991,2066302,11.80000019,2.529699692,60.5
Malawi,1991,9831584,11.80000019,-0.20826592,59.5
Namibia,1991,1415617,18.79999924,-0.037722892,58.3
Niger,1991,8634640,13.60000038,-6.897679919,57.7
Nigeria,1991,97685360,9.399999619,-0.332319066,56.2
Rwanda,1991,7485681,10.80000019,1.488459308,55.1
Sudan,1991,21453711,13.30000019,1.468356845,54.4
Senegal,1991,7754289,10.30000019,1.994132797,53.4
Sierra Leone,1991,4378169,6.199999809,1.989749587,52.5
Somalia,1991,6732702,6.800000191,0.668733486,51.7
South Sudan,1991,4867185,4.699999809,0.987700169,51
Chad,1991,6042428,2.599999905,0.558884524,50.7
Togo,1991,3990215,9.300000191,7.501528068,50.6
Tanzania,1991,26890906,11.39999962,5.565281275,50.9
Uganda,1991,18171935,4.597198009,4.363836574,51.6
South Africa,1991,40910959,5.399752617,4.242949051,52.6
Zambia,1991,7880466,12.49006748,4.908814694,53.9
Zimbabwe,1991,10377815,11.38570213,4.68081345,55.7
Angola,1992,12632507,20.19017792,4.854434839,57.1
Burundi,1992,5743085,14.28005981,2.062547945,58.3
Benin,1992,5457778,3.680627108,1.728054989,60
Burkina Faso,1992,9598555,6.87736702,1.940398126,60.5
Botswana,1992,1420695,7.923782349,1.050397628,60.8
Central African Republic,1992,2991727,5.402794838,0.470417393,62
Cameroon,1992,12128604,3.011443853,3.330203617,62.6
Democratic Republic of the Congo,1992,38332302,1.341742992,2.797734884,63.8
Comoros,1992,452990,2.656731129,0.944948457,65.5
Djibouti,1992,623197,3.433548212,1.617958271,66.8
Eritrea,1992,1921153,-0.495458305,1.67893798,65.4
Ethiopia,1992,52011554,1.394190907,0.560658417,65.5
Gabon,1992,1037446,3.732198477,0.213041137,65.6
Ghana,1992,16241548,7.14,0.3131187,61.1
Guinea,1992,6832195,-1.399999976,0.014832487,49.4
Guinea-Bissau,1992,1022904,9.600000381,0.018181553,49.5
Equatorial Guinea,1992,501334,-7.5,0.092741652,49.4
Kenya,1992,24655723,-5.599999905,0.099338813,49.2
Liberia,1992,2052626,17.70000076,0.969328512,49.3
Lesotho,1992,1858507,11.80000019,0.412551083,49.4
Madagascar,1992,12623342,15.39999962,0.627288462,49.6
Mali,1992,9310572,2.5,0.398984056,49.4
Mozambique,1992,13816881,9.300000191,0.157122702,50
Mauritania,1992,2147527,-6.099999905,0.233833728,50.3
Malawi,1992,10115420,-5.800000191,0.778458229,50.8
Namibia,1992,1461687,8.800000191,0.196436738,51.1
Niger,1992,8907644,3.099999905,0.414815874,51.3
Nigeria,1992,100182045,-1.700000048,0.614299265,51.8
Rwanda,1992,7657208,-4.800000191,0.263190291,52.4
Sudan,1992,21780059,14.60000038,0.848145934,53.1
Senegal,1992,7974514,-0.200000003,1.280645725,53.7
Sierra Leone,1992,4301566,-1.700000048,0.284717928,54.4
Somalia,1992,6428141,23.29999924,0.351169691,55.3
South Sudan,1992,4956969,2.599999905,0.59946891,56
Chad,1992,6302926,1.457698822,0.384492249,56.5
Togo,1992,4106219,6.142854214,1.190744868,57.1
Tanzania,1992,27580723,5.368629456,2.62145971,57.6
Uganda,1992,18801966,-0.354809076,3.647667554,57.8
South Africa,1992,41760755,-3.176186085,2.562551392,58.4
Zambia,1992,8074337,2.40511775,1.959927164,58.8
Zimbabwe,1992,10641501,0.962437987,3.043803422,59.3
Angola,1993,13038270,0.4268336,0.018237033,59.5
Burundi,1993,5555220,3.37285541,1.689199557,60
Benin,1993,5706181,-6.433373928,1.007346446,60
Burkina Faso,1993,9840075,3.764494419,-0.550797503,59.7
Botswana,1993,1462262,6.82,0.695992838,59.3
Central African Republic,1993,3089146,7.400000095,0.11089421,44.9
Cameroon,1993,12486773,6.800000191,0.076452053,44.2
Democratic Republic of the Congo,1993,39580844,-2.099999905,0.055407891,43.9
Comoros,1993,463318,15.89999962,0.050464886,37.1
Djibouti,1993,611231,17.70000076,4.28E-04,44.1
Eritrea,1993,1981419,20.10000038,0.198107378,44.1
Ethiopia,1993,53791672,24,0,44.4
Gabon,1993,1065390,35,0,45.4
Ghana,1993,16643633,12.5,0,46.6
Guinea,1993,7046097,1,-0.058805185,47.5
Guinea-Bissau,1993,1056761,26.81999969,1.342151992,47.5
Equatorial Guinea,1993,520236,0.819999993,-0.001304856,48.4
Kenya,1993,25391830,-5.71999979,0,49.9
Liberia,1993,2132771,13.82999992,0,50.9
Lesotho,1993,1885478,10.86999989,0.004882857,52
Madagascar,1993,13020100,17.81999969,0.052340423,53
Mali,1993,9506510,0.529999971,0.002481106,53.9
Mozambique,1993,14206254,8.899999619,0.036885808,54.7
Mauritania,1993,2237064,34.22000122,0.23781629,55.7
Malawi,1993,10257233,11.06999969,0.019557301,56.4
Namibia,1993,1509834,6.199999809,0.038411912,57.1
Niger,1993,9193078,9.149999619,0.150056708,57.8
Nigeria,1993,102775465,13.68999958,0.025925039,58.5
Rwanda,1993,7904740,9.5,4.761250541,59.2
Sudan,1993,22163251,2.299999952,3.021202699,59.9
Senegal,1993,8196551,5.789999962,1.598672939,60.2
Sierra Leone,1993,4295689,7.179999828,0.002099796,60.8
Somalia,1993,6620729,23.95999908,0.01166798,61.6
South Sudan,1993,5018172,-10.98999977,0.036981256,61.7
Chad,1993,6448280,-2.826483173,0.040556948,62.4
Togo,1993,4078392,8.574181118,0.319811026,61.6
Tanzania,1993,28469017,10.39,0.284120849,61.7
Uganda,1993,19462958,-10.19999981,-0.916249145,54.9
South Africa,1993,42525440,-0.800000012,-0.122447752,54.7
Zambia,1993,8270917,-1.799999952,0.24191782,54.5
Zimbabwe,1993,10794918,-1.799999952,0.031644989,54.1
Angola,1994,13462031,8.399999619,0.041273156,53.5
Burundi,1994,5586408,8.399999619,0.139033988,53.2
Benin,1994,5923394,3.099999905,0.941242049,52.8
Burkina Faso,1994,10091256,7,1.386672981,52.7
Botswana,1994,1503544,3.299999952,0.488852786,52.6
Central African Republic,1994,3187844,1,0.302700366,52.7
Cameroon,1994,12848862,2.299999952,1.511444782,52.9
Democratic Republic of the Congo,1994,41511985,7,-0.106526709,53.1
Comoros,1994,473478,4.800000191,4.068984432,53.4
Djibouti,1994,623477,-0.699999988,2.096943737,53.9
Eritrea,1994,2042500,-2,0.361118019,54.2
Ethiopia,1994,55620211,1.100000024,1.248608401,54.4
Gabon,1994,1093611,6.900000095,0.282739542,54.9
Ghana,1994,17040854,1,0.792290636,55.2
Guinea,1994,7262112,9.199999809,0.075754661,55.7
Guinea-Bissau,1994,1089617,5.978380203,2.671669371,56.1
Equatorial Guinea,1994,539992,1.234859943,1.949524017,56.6
Kenya,1994,26133744,4.813549995,2.132703795,57.1
Liberia,1994,2125198,3.433020115,1.748840346,57.8
Lesotho,1994,1910642,3.231525898,1.622967984,58.5
Madagascar,1994,13436121,0.772830844,1.994843156,58.9
Mali,1994,9711797,2.021848202,2.155640218,59.7
Mozambique,1994,14912873,1.078208923,1.963349385,60.2
Mauritania,1994,2315191,0.037557803,2.256209564,60.8
Malawi,1994,10131799,1.216490149,1.913981821,61.2
Namibia,1994,1558449,2.878551722,2.583196349,61.6
Niger,1994,9493324,3.504847313,1.655956133,60.8
Nigeria,1994,105456121,4.25,2.125205086,60.3
Rwanda,1994,6732665,0.699999988,0.048437881,49.6
Sudan,1994,22703631,-4.099999905,-0.353864316,49.3
Senegal,1994,8416997,-1.100000024,-0.756175026,48.8
Sierra Leone,1994,4314953,-4.199999809,-0.780440981,48.4
Somalia,1994,6959828,24.5,0.423212354,47.9
South Sudan,1994,5142863,23,0.555910237,47.4
Chad,1994,6592998,5.800000191,1.084111039,46.8
Togo,1994,4092612,0.600000024,0.159684097,46.3
Tanzania,1994,29598323,-2.700000048,0.754709452,46
Uganda,1994,20125021,-3.099999905,0.598007105,45.8
South Africa,1994,43267982,3.900000095,0.096978287,45.4
Zambia,1994,8474216,4.699999809,0.555825508,45.4
Zimbabwe,1994,10858594,2,0.56665664,45.4
Angola,1995,13912253,5.199999809,0.989218764,45.8
Burundi,1995,5932783,-4.599999905,1.186770485,46
Benin,1995,6046511,3.5,0.754917643,46.4
Burkina Faso,1995,10353263,7.199999809,2.371636407,46.9
Botswana,1995,1543634,1.899999976,3.338605764,47.4
Central African Republic,1995,3276706,11.39999962,5.874863339,48
Cameroon,1995,13211647,3.627850056,2.045098815,48.6
Democratic Republic of the Congo,1995,43285791,1.395679951,2.871289444,49.3
Comoros,1995,483760,1.069810033,1.513893174,49.9
Djibouti,1995,629619,7.110839844,2.790104473,50.7
Eritrea,1995,2157220,9,0.109532616,50.9
Ethiopia,1995,57476536,14.76739979,0.183395774,50.6
Gabon,1995,1121964,4.666920185,0.176904972,52.8
Ghana,1995,17438874,4.42468977,0.397590036,53.5
Guinea,1995,7468347,NA,0.332412579,53.7
Guinea-Bissau,1995,1117222,NA,0.810612601,54.4
Equatorial Guinea,1995,560740,NA,1.152529651,55
Kenya,1995,26878347,NA,1.493397689,54.6
Liberia,1995,2142422,5.36,1.199054131,53.9
Lesotho,1995,1934079,0,0.540663174,44.7
Madagascar,1995,13869138,0,0.225850599,45.9
Mali,1995,9921094,0,0.104193926,46.1
Mozambique,1995,15594830,0,1.036110757,46.3
Mauritania,1995,2380341,40.66640472,2.294781148,46.4
Malawi,1995,10112816,5.850709438,2.255420132,46.7
Namibia,1995,1605370,13.75283241,2.4553635,47
Niger,1995,9813918,7.419311047,2.867497994,47.2
Nigeria,1995,108187610,4.269220829,1.243509246,47.2
Rwanda,1995,5686897,-11.90431976,1.598057794,47.4
Sudan,1995,23290602,7.815959454,8.294696694,47.4
Senegal,1995,8632681,18.66684151,26.87951465,47.8
Sierra Leone,1995,4324149,6.214287758,46.27523948,47.9
Somalia,1995,7210930,-2.557911396,25.98291917,48.2
South Sudan,1995,5302042,-5.364523411,10.55411932,48.2
Chad,1995,6888856,11.37699413,-1.494028152,48.3
Togo,1995,4279566,-1.983420014,-3.747814989,48.3
Tanzania,1995,30560071,-11.06519985,-3.718495559,48.8
Uganda,1995,20680831,16.32049942,4.484687437,49
South Africa,1995,43986084,9.302490234,4.035205516,49.2
Zambia,1995,8684135,-3.822360039,2.933979994,49.6
Zimbabwe,1995,10994041,1.652510047,2.315912189,50
Angola,1996,14383350,12.33969975,4.688089172,50.5
Burundi,1996,5930507,-1.619050026,4.015897833,50.8
Benin,1996,6203860,2.521029949,-4.845829959,51.2
Burkina Faso,1996,10621210,2.468549967,5.110702989,51.6
Botswana,1996,1582169,-2.707999945,2.42312826,52.1
Central African Republic,1996,3363570,-3.718111587,3.633672746,52.3
Cameroon,1996,13575324,-1.85897578,4.100753247,52.8
Democratic Republic of the Congo,1996,44118709,-5.392762661,5.007877902,53.3
Comoros,1996,494288,9.44,5.204590631,52.8
Djibouti,1996,644649,-1.63,4.772212579,52.5
Eritrea,1996,2264073,0,0.091476453,55.8
Ethiopia,1996,59347649,0,0.590924629,56.2
Gabon,1996,1150601,0,-0.316356418,56.7
Ghana,1996,17844010,0,0.042109206,57.3
Guinea,1996,7683115,0,0.055676771,57.7
Guinea-Bissau,1996,1140604,0,0.223239729,58
Equatorial Guinea,1996,582573,0,0.128770385,58.3
Kenya,1996,27615736,0,0.005487788,58.4
Liberia,1996,2203966,0,0.103812285,58.4
Lesotho,1996,1955098,0,0.070858011,58.8
Madagascar,1996,14317454,-2.007712364,0.02666658,58.8
Mali,1996,10131906,4.581980228,0.302742049,59.2
Mozambique,1996,16079553,5.895060062,0.101046749,59.1
Mauritania,1996,2428816,2.416019917,0.145047582,59.3
Malawi,1996,10310528,4.111820221,0.106131269,59.5
Namibia,1996,1650066,1.623540044,0.085473728,59.6
Niger,1996,10149937,1.044219971,0.111452569,59.9
Nigeria,1996,110956183,9.482009888,0.966722014,60.1
Rwanda,1996,6715510,4.669849873,0.507893569,60.5
Sudan,1996,23862258,-7.038599968,1.528661221,60.8
Senegal,1996,8843423,2.808720112,0.919669867,61.1
Sierra Leone,1996,4347370,2.039999962,2.259676741,61.5
Somalia,1996,7472450,7.889999866,1.021338307,61.8
South Sudan,1996,5434894,2.039999962,0.37910346,62.2
Chad,1996,7200291,2.248660088,0.407499043,62.5
Togo,1996,4445883,-0.281186998,0.51102987,62.9
Tanzania,1996,31140733,0,0.352458387,63.2
Uganda,1996,21249572,NA,0.363776568,63.6
South Africa,1996,44661603,3.240199553,0.477150042,63.9
Zambia,1996,8902019,NA,0.359894023,64.1
Zimbabwe,1996,11178171,NA,0.316385466,64.2
Angola,1997,14871146,0,0.310531932,63.4
Burundi,1997,5923862,0,-0.1546563,48.6
Benin,1997,6387026,0,0.1286082,48.9
Burkina Faso,1997,10897353,0,-0.008873006,49.2
Botswana,1997,1619354,0,0.064168148,49.6
Central African Republic,1997,3458472,0,-0.025771503,49.9
Cameroon,1997,13941181,0,-0.396035086,50.4
Democratic Republic of the Congo,1997,44822198,0,0.429527739,49.3
Comoros,1997,505033,0,-0.728142522,50.4
Djibouti,1997,667786,0,0.986360739,49.7
Eritrea,1997,2291561,0,0.236879335,49.9
Ethiopia,1997,61233480,0,0.493452281,51.8
Gabon,1997,1179806,0,1.374284769,52.1
Ghana,1997,18268040,0,2.149379761,52.3
Guinea,1997,7842806,0,4.377642382,52.8
Guinea-Bissau,1997,1162443,0,3.97216286,53.4
Equatorial Guinea,1997,605570,7.371582031,1.504452594,53.9
Kenya,1997,28364264,9.794239998,1.772085029,54.5
Liberia,1997,2383300,26.40559959,10.80236746,54.9
Lesotho,1997,1972579,38.72040176,8.726273415,55.3
Madagascar,1997,14778903,51.17089844,-1.304135197,55.8
Mali,1997,10359301,12.7347002,12.71601409,56.4
Mozambique,1997,16521724,14.80300045,6.176624593,57.1
Mauritania,1997,2484278,7.37954998,9.866868697,57.2
Malawi,1997,10512678,0.720000029,5.194611572,57.8
Namibia,1997,1693242,1.379999995,4.176029605,58.3
Niger,1997,10494201,0.839999974,3.074342219,58.5
Nigeria,1997,113791181,3.029999971,2.510784143,59.1
Rwanda,1997,7666732,NA,2.756443254,59.4
Sudan,1997,24454372,NA,2.959042576,59.9
Senegal,1997,9051539,NA,2.609314437,60.3
Sierra Leone,1997,4405028,NA,3.075078538,59.7
Somalia,1997,7734313,0,3.030974583,59.2
South Sudan,1997,5589410,0,0.013264708,55.5
Chad,1997,7450874,0,0.495241665,55.2
Togo,1997,4592550,0,0.479043326,54.5
Tanzania,1997,31785846,0,0.305457426,55.8
Uganda,1997,21876935,0,0.289528343,55.5
South Africa,1997,45285048,0,0.646649182,56.3
Zambia,1997,9133156,0,0.660629876,56.2
Zimbabwe,1997,11362401,0,0.616772634,56
Angola,1998,15366864,0,0.61709349,56.2
Burundi,1998,6035340,0,0.599332233,56.4
Benin,1998,6584183,0,0.596129446,56.6
Burkina Faso,1998,11201063,0,0.592742007,56.9
Botswana,1998,1655699,0,0.580649337,57.2
Central African Republic,1998,3555064,0,2.286739804,57.6
Cameroon,1998,14314599,0,5.786694826,57.8
Democratic Republic of the Congo,1998,45895524,0,3.133262929,58.3
Comoros,1998,515959,0,14.08394014,58.7
Djibouti,1998,694920,0,23.03889364,59
Eritrea,1998,2322753,0,22.78584382,59.4
Ethiopia,1998,63136493,0,9.232551529,59.7
Gabon,1998,1209832,0,3.234153297,60.3
Ghana,1998,18714708,0,6.375384839,60.4
Guinea,1998,7992545,0,8.126150917,60.8
Guinea-Bissau,1998,1184071,2.361296415,14.0004927,61.2
Equatorial Guinea,1998,629734,0.25999999,6.908370613,61.6
Kenya,1998,29137373,3.119999886,5.932712166,62
Liberia,1998,2639224,6.03000021,6.142062351,62.2
Lesotho,1998,1985639,1.860000014,5.970135971,62.8
Madagascar,1998,15250934,1.732107163,5.834973097,63
Mali,1998,10620475,5.689382162,5.665500402,63.1
Mozambique,1998,16923195,6.385818084,4.974111026,62.7
Mauritania,1998,2550501,0,4.787560582,62.3
Malawi,1998,10732456,0,9.876772457,50.9
Namibia,1998,1735953,-5,37.26105619,51
Niger,1998,10854920,-7.300000191,4.467705406,51.1
Nigeria,1998,116690527,3.400000095,16.39251783,51.3
Rwanda,1998,7914645,40.20000076,16.85947721,51.4
Sudan,1998,25029144,10.89999962,89.4756129,51.6
Senegal,1998,9261526,7,161.8237506,51.7
Sierra Leone,1998,4449975,7.199999809,12.08386941,52.1
Somalia,1998,8056862,9.100000381,74.12389917,52.4
South Sudan,1998,5699436,0.600000024,24.84168907,52.8
Chad,1998,7709115,1.56537056,14.77053652,53.2
Togo,1998,4728297,11.5,64.38410045,53.6
Tanzania,1998,32626498,9.600000381,17.89914523,54.1
Uganda,1998,22537658,6.400000095,27.76057529,54.6
South Africa,1998,45852166,4.400000095,7.729147203,55
Zambia,1998,9372430,6.771944046,9.360005331,55.5
Zimbabwe,1998,11548364,5.984106541,4.654782916,56
Angola,1999,15870753,0,9.507021305,56.5
Burundi,1999,6180180,0,-4.019628417,57.1
Benin,1999,6788589,0,10.88795533,57.4
Burkina Faso,1999,11533554,4.689954281,16.75815801,57.9
Botswana,1999,1691558,7.099999905,9.247404179,58.4
Central African Republic,1999,3655360,3.940000057,4.400755732,58.9
Cameroon,1999,14698973,4.619999886,2.655943664,59.2
Democratic Republic of the Congo,1999,47227238,4.400000095,0.771291881,59.6
Comoros,1999,526443,1.470000029,1.769558445,60.1
Djibouti,1999,719371,-4.059999943,0.480381904,60.5
Eritrea,1999,2356477,1.600000024,2.498397077,60.8
Ethiopia,1999,65077579,1.000049968,3.024184493,61.2
Gabon,1999,1240764,0.427275389,3.979952366,61.6
Ghana,1999,19176791,4.656719685,5.246920013,60.7
Guinea,1999,8174897,0,4.002569121,60.6
Guinea-Bissau,1999,1206474,#N/A,NA,49.8
Equatorial Guinea,1999,655029,#N/A,NA,50.6
Kenya,1999,29965129,#N/A,2.10E-06,52.5
Liberia,1999,2789743,#N/A,2.14E-06,53.2
Lesotho,1999,1994243,#N/A,1.88E-06,54.1
Madagascar,1999,15730885,#N/A,NA,54.9
Mali,1999,10916993,#N/A,5.287331825,55.8
Mozambique,1999,17337893,#N/A,5.94284422,56.3
Mauritania,1999,2620611,#N/A,0.006102171,49.2
Malawi,1999,10973956,#N/A,12.08005861,43.4
Namibia,1999,1778277,#N/A,3.94553485,56.1
Niger,1999,11231469,#N/A,1.612458054,58.3
Nigeria,1999,119695565,#N/A,3.121554755,58.8
Rwanda,1999,8009587,#N/A,2.872720768,59.4
Sudan,1999,25634162,#N/A,2.173353568,59.9
Senegal,1999,9478564,#N/A,0.130327753,60.6
Sierra Leone,1999,4475145,#N/A,1.269492539,61.6
Somalia,1999,8384479,#N/A,0.546786303,62.1
South Sudan,1999,5850145,#N/A,2.825700368,62.6
Chad,1999,7981889,#N/A,4.901180484,63.3
Togo,1999,4867941,#N/A,5.72501514,63.8
Tanzania,1999,33499772,#N/A,1.888618368,64.4
Uganda,1999,23279247,#N/A,NA,64.8
South Africa,1999,46364681,#N/A,NA,65.1
Zambia,1999,9621238,#N/A,NA,65.6
Zimbabwe,1999,11716454,#N/A,NA,66
Angola,2000,16394062,#N/A,NA,66.3
Burundi,2000,6307659,#N/A,NA,66.6
Benin,2000,6998023,#N/A,NA,67.1
Burkina Faso,2000,11882888,#N/A,NA,67.3
Botswana,2000,1726985,#N/A,NA,67.1
Central African Republic,2000,3759170,#N/A,NA,66.5
Cameroon,2000,15091594,5.199999809,0,44.6
Democratic Republic of the Congo,2000,48616317,41.29999924,0,46.1
Comoros,2000,536758,11.89999962,0.001620129,46.9
Djibouti,2000,742033,1.399999976,0.0396344,47.4
Eritrea,2000,2392880,10.19999981,0.248414013,47.9
Ethiopia,2000,67031867,12.30000019,0.184499328,48.3
Gabon,2000,1272935,-4.900000095,0.256553049,48.9
Ghana,2000,19665502,1.799999952,3.358748398,49.5
Guinea,2000,8336967,1.799999952,3.334132788,49.9
Guinea-Bissau,2000,1230849,9.300000191,0.908732804,49.4
Equatorial Guinea,2000,684977,-1.100000024,1.633506368,50.5
Kenya,2000,30851606,-15.19999981,4.244759583,51
Liberia,2000,2895224,2.599999905,3.2480727,51.5
Lesotho,2000,1998630,25.06999969,5.392122513,52.5
Madagascar,2000,16216431,3.359999895,5.380415799,53.2
Mali,2000,11239101,12.84000015,2.137800937,54
Mozambique,2000,17768505,13.60999966,3.568235274,55.1
Mauritania,2000,2695003,21.95999908,1.126470925,56.4
Malawi,2000,11229387,60.00999832,0.400997134,57.6
Namibia,2000,1819141,3.299999952,0.682729367,58.8
Niger,2000,11622665,1.50999999,0.963030625,59.7
Nigeria,2000,122851984,39.16999817,1.967356639,60.7
Rwanda,2000,8109989,28.10000038,0.643172898,61.5
Sudan,2000,26298773,5.793699741,2.820412334,62.4
Senegal,2000,9704287,5.391999245,3.335691111,62.9
Sierra Leone,2000,4584067,12.14457893,4.066488561,63.6
Somalia,2000,8721465,6.517277718,5.576212728,64.4
South Sudan,2000,6114440,11.35696602,4.912707176,64.8
Chad,2000,8259137,12.51693153,3.987712538,65.4
Togo,2000,5008035,18.93772125,2.657360635,65.8
Tanzania,2000,34463704,23.08211517,2.225385751,65.4
Uganda,2000,24020697,31.78,3.82798887,65
South Africa,2000,46813266,11.60000038,1.234110823,60.3
Zambia,2000,9891136,0.400000006,-1.010365399,60.4
Zimbabwe,2000,11834676,-16.5,2.269871503,60.5
Angola,2001,16941587,1.700000048,-2.597049741,60.7
Burundi,2001,6465729,31,-2.376692874,60.7
Benin,2001,7212041,7.900000095,-3.942388289,60.7
Burkina Faso,2001,12249764,1,-5.007209261,60.6
Botswana,2001,1761930,6.300000191,-2.153485033,60.7
Central African Republic,2001,3844773,3,2.957693889,60.8
Cameroon,2001,15493253,-0.600000024,1.918355874,60.8
Democratic Republic of the Congo,2001,50106657,0.5,5.473125421,61.1
Comoros,2001,547741,5,-2.002988966,61.3
Djibouti,2001,765490,0.200000003,0.021754642,61.3
Eritrea,2001,2461927,1.899999976,1.530522552,61.7
Ethiopia,2001,69018932,-1.899999976,4.040693997,61.8
Gabon,2001,1306590,0.200000003,3.403623635,62
Ghana,2001,20195577,0.899999976,2.593100344,62.4
Guinea,2001,8445717,2.299999952,5.257222157,62.6
Guinea-Bissau,2001,1257380,7.800000191,4.45376476,63.1
Equatorial Guinea,2001,719270,3.700000048,5.247570723,63.3
Kenya,2001,31800343,4.400000095,3.645404456,63.9
Liberia,2001,2981648,4.03000021,6.169785117,64
Lesotho,2001,1999473,5.679999828,3.944723419,64.6
Madagascar,2001,16709665,-0.419999987,1.841538567,64.8
Mali,2001,11583824,3,6.938646821,65
Mozambique,2001,18220716,2.829999924,0.289976987,65.5
Mauritania,2001,2761823,-0.090000004,8.868153591,65.8
Malawi,2001,11498818,-0.715937377,8.801569497,66.2
Namibia,2001,1856402,1.850781541,8.175989389,66.3
Niger,2001,12031430,3.101145356,9.204098355,66.6
Nigeria,2001,126152678,1.672847152,11.20835062,66.5
Rwanda,2001,8223941,1.35,8.086446417,65.8
Sudan,2001,26947253,40.09999847,0.251308552,55.6
Senegal,2001,9938027,9,0.303188963,56
Sierra Leone,2001,4857096,10.39999962,0.350800517,56.2
Somalia,2001,9070747,25,2.095116345,56.4
South Sudan,2001,6394431,25.89999962,4.27950048,56.1
Chad,2001,8538804,62.20000076,1.647296722,56.6
Togo,2001,5145426,35.79999924,1.730357096,56.8
Tanzania,2001,35414469,20.89999962,1.187002423,57.2
Uganda,2001,24763325,14.80000019,2.237678076,57.6
South Africa,2001,47229714,8.699999809,3.156999582,58
Zambia,2001,10191964,11.80000019,3.329303379,58.2
Zimbabwe,2001,11910978,23.20000076,1.680555283,58.1
Angola,2002,17516139,18.20000076,0.955673775,58.6
Burundi,2002,6648938,24.70000076,1.791715353,59.1
Benin,2002,7431783,16.60000038,1.568114186,59.2
Burkina Faso,2002,12632269,15.60000038,1.349226451,59.8
Botswana,2002,1795130,9.199999809,3.111458973,60
Central African Republic,2002,3930648,12.19999981,5.571075269,60.2
Cameroon,2002,15914033,15.19999981,9.466663986,60.5
Democratic Republic of the Congo,2002,51662071,15.69999981,9.108300623,60.9
Comoros,2002,559047,6.099999905,7.849577869,61.2
Djibouti,2002,789129,6.695000172,8.255743982,61.7
Eritrea,2002,2547424,6.747499943,7.982660011,62.1
Ethiopia,2002,71073215,7.283435822,5.1366502,62.4
Gabon,2002,1341696,6.796738148,6.139493623,63
Ghana,2002,20758326,7.480505943,6.461328184,63.2
Guinea,2002,8577790,8.660935402,6.205506347,63.9
Guinea-Bissau,2002,1285678,7.268827915,5.388486852,64
Equatorial Guinea,2002,754115,7.822918415,4.441407055,64.1
Kenya,2002,32779823,7.857540965,5.677452823,64.7
Liberia,2002,3060599,11.83652782,2.678037209,64.1
Lesotho,2002,1997534,10.30666324,3.367245401,63.8
Madagascar,2002,17211934,17.70000076,0.669728899,47
Mali,2002,11952660,16.39999962,1.285879018,47.5
Mozambique,2002,18694946,12.80000019,0.599460417,48.4
Mauritania,2002,2821703,9.300000191,0.082949676,49
Malawi,2002,11784498,4.699999809,0.006207338,49.2
Namibia,2002,1888525,7.900000095,0.020819173,49.9
Niger,2002,12456517,1.5,0.614479059,50.5
Nigeria,2002,129583026,-0.5,0.457250783,51.4
Rwanda,2002,8372306,10.10000038,0.496324872,52
Sudan,2002,27570318,5.400000095,1.833205646,52.4
Senegal,2002,10180950,4,0.331913233,52.5
Sierra Leone,2002,5140113,4.481576443,0.059269764,52.7
Somalia,2002,9411103,6.147114754,1.016880677,53.3
South Sudan,2002,6686100,21.39999962,2.291232724,53.7
Chad,2002,8838369,21.20000076,2.692920574,54.1
Togo,2002,5281538,37,3.574989252,54.6
Tanzania,2002,36353531,42.5,2.962071801,55.1
Uganda,2002,25545090,28.5,6.143028628,55.6
South Africa,2002,47661514,20.60000038,5.483489,56
Zambia,2002,10508294,7.099999905,1.355237358,56.3
Zimbabwe,2002,11984644,20.39999962,0,56.7
Angola,2003,18124342,27.36000061,14.09050364,57
Burundi,2003,6860846,15.63000011,7.928206496,57.4
Benin,2003,7659208,12.64999962,0.00226822,57.8
Burkina Faso,2003,13030591,10.56000042,-0.840221283,57.9
Botswana,2003,1826863,11.52000046,0.605767934,58.1
Central African Republic,2003,4026841,11.48999977,18.82800865,58.8
Cameroon,2003,16354326,13.59228508,5.594271749,59.1
Democratic Republic of the Congo,2003,53205639,13.3552483,2.97511257,59.3
Comoros,2003,570130,11.35732108,0.330286823,59.7
Djibouti,2003,806411,12.69528385,1.243842871,59.3
Eritrea,2003,2653390,15.78,1.228015392,58.9
Ethiopia,2003,73168838,0,0.827997818,47.1
Gabon,2003,1378398,0,0.81275398,47.5
Ghana,2003,21329514,0,2.576073212,47.9
Guinea,2003,8772254,0,1.393105561,48.2
Guinea-Bissau,2003,1315653,0,0.182497208,48.2
Equatorial Guinea,2003,789681,0,0.015750083,49
Kenya,2003,33767122,0,0.380889298,49.1
Liberia,2003,3085173,0,4.274461416,48
Lesotho,2003,1993030,0,2.134646235,47.7
Madagascar,2003,17724310,0,0.325634875,48
Mali,2003,12342165,0,0.189242619,50.1
Mozambique,2003,19186754,0,0.100762111,50.4
Mauritania,2003,2883326,-32.49345016,0.848539281,51
Malawi,2003,12087965,-2.850399971,0.838921678,51.4
Namibia,2003,1915425,0.97440201,0.36003887,52.1
Niger,2003,12900790,3.709249973,1.480756025,52.2
Nigeria,2003,133119801,0.485679001,3.019608313,53.4
Rwanda,2003,8567992,5.878479958,2.69333137,54.2
Sudan,2003,28188977,15.86260033,0.763697295,54.6
Senegal,2003,10434504,-0.170369998,2.275580973,55.5
Sierra Leone,2003,5350907,0.121133998,3.087523962,56.2
Somalia,2003,9758281,7.421470165,2.275288507,57
South Sudan,2003,6992367,2.838890076,0.669676525,57.7
Chad,2003,9196366,0.758209944,1.877443841,58.2
Togo,2003,5421001,-1.256681681,2.735074394,58.6
Tanzania,2003,37333918,3.094038725,1.772083037,59.1
Uganda,2003,26354736,2.498527527,1.206246005,59.7
South Africa,2003,48104048,1.738062501,1.162158478,60.1
Zambia,2003,10837973,NA,1.366702549,60.5
Zimbabwe,2003,12075828,NA,4.977547013,60.9
Angola,2004,18771125,NA,1.466010181,60
Burundi,2004,7120496,5.28,1.453462526,59.7
Benin,2004,7894554,8.600000381,0.665873829,58.6
Burkina Faso,2004,13445977,23.5,0.231013008,58
Botswana,2004,1859085,35.09999847,0.077512889,57.3
Central African Republic,2004,4115138,45.20000076,2.532351134,56.6
Cameroon,2004,16809407,30.70000076,0.103976797,56.3
Democratic Republic of the Congo,2004,54815607,-2.200000048,0.467474289,55.6
Comoros,2004,581154,8.199999809,0.902160126,55.2
Djibouti,2004,818373,15.69999981,0.473451365,54.8
Eritrea,2004,2763140,3.599999905,0.188365603,54.5
Ethiopia,2004,75301026,3.900000095,0.402864464,54.5
Gabon,2004,1417110,10.89999962,0.872895972,54.4
Ghana,2004,21906444,2.400000095,0.040833358,54.5
Guinea,2004,8961039,1.399999976,0.210062253,55
Guinea-Bissau,2004,1347009,16.29999924,0.548412532,55.6
Equatorial Guinea,2004,826355,19,0.286194264,56.4
Kenya,2004,34791836,14.60000038,0.113202055,57.3
Liberia,2004,3122447,27.89999962,0.196219537,58.2
Lesotho,2004,1985384,10.89999962,2.281243174,58.9
Madagascar,2004,18250774,35.09999847,0.266291327,59.6
Mali,2004,12751995,27.80500031,0.274534231,60.4
Mozambique,2004,19694411,18.89249992,0.392164525,60.6
Mauritania,2004,2946575,20.50572777,3.094712079,61
Malawi,2004,12411342,9.981404305,2.447259352,61.1
Namibia,2004,1939406,7.255022526,1.814170815,61.4
Niger,2004,13366885,8.709339142,1.202208917,61.8
Nigeria,2004,136756848,11.38684654,0.883800359,61.9
Rwanda,2004,8791853,10.08244324,0.627591458,62.2
Sudan,2004,28831550,13.37449074,1.640851105,62.5
Senegal,2004,10698691,1.550644159,0.832686432,62.7
Sierra Leone,2004,5533329,7.964907169,0.468162589,62.9
Somalia,2004,10117354,9.128730774,0.423482498,62.7
South Sudan,2004,7317118,8.445408382,0.419901404,61.4
Chad,2004,9613503,11.39999962,2.762959286,59.4
Togo,2004,5565218,18.29999924,1.134407201,59.2
Tanzania,2004,38360879,23.60000038,1.007158246,58.6
Uganda,2004,27146084,10.39999962,1.873153943,58
South Africa,2004,48556071,6.199999809,4.926620642,58
Zambia,2004,11188040,12.69999981,2.412879506,56.7
Zimbabwe,2004,12160881,9.600000381,3.072934212,55.2
Angola,2005,19450959,9.300000191,3.274123864,53.6
Burundi,2005,7388874,9,3.053486876,51.8
Benin,2005,8149419,7.5,2.414323809,50.1
Burkina Faso,2005,13876127,4.599999905,3.651798841,48.4
Botswana,2005,1892807,6.5,3.596348,46.8
Central African Republic,2005,4208834,26.60000038,3.659599267,45.6
Cameroon,2005,17275171,5.599999905,3.795558364,44.5
Democratic Republic of the Congo,2005,56550247,4,3.683701392,43.7
Comoros,2005,592683,2.599999905,1.631137039,43.2
Djibouti,2005,830861,8.979999542,1.351158889,42.9
Eritrea,2005,2831732,14.14999962,4.495555283,43.1
Ethiopia,2005,77469940,15.68000031,0.623150028,43.6
Gabon,2005,1458353,8.5,5.247469672,44
Ghana,2005,22496951,3.5,0.425678411,45.6
Guinea,2005,9140114,6.972258091,2.371590482,46.7
Guinea-Bissau,2005,1379713,9.857664108,2.286531207,47.8
Equatorial Guinea,2005,864726,5.375206947,2.130402212,49
Kenya,2005,35843010,5.314572811,3.869602691,50
Liberia,2005,3266318,6.140647888,8.751503436,51.1
Lesotho,2005,1977424,11.83739758,3.747327772,52.3
Madagascar,2005,18792171,6.431095123,1.828066899,53.1
Mali,2005,13180551,4.436534882,1.600710292,53.7
Mozambique,2005,20211114,6.829244137,1.456107273,54.2
Mauritania,2005,3012360,10.34319115,1.254996632,54.7
Malawi,2005,12755648,9.64,-0.495654043,53.1
Namibia,2005,1962865,13.80000019,NA,36.7
Niger,2005,13855221,0,NA,42.8
Nigeria,2005,140490722,0,NA,42.7
Rwanda,2005,9026299,0,NA,42.2
Sudan,2005,29540577,0,NA,41.8
Senegal,2005,10974057,0,NA,43.9
Sierra Leone,2005,5683334,0,NA,44.4
Somalia,2005,10467292,0,NA,47.8
South Sudan,2005,7662654,0,NA,48.9
Chad,2005,10005012,0,NA,50
Togo,2005,5711597,0,2.3798627,51.4
Tanzania,2005,39439505,0,0.91611479,52.8
Uganda,2005,27946588,0,0.302049612,53.8
South Africa,2005,49017147,0,49.76203209,53
Zambia,2005,11564870,0,8.400416014,56
Zimbabwe,2005,12224753,0,8.725196147,56.9
Angola,2006,20162340,16.55669975,9.63866591,57.6
Burundi,2006,7658190,18.65999985,9.587593707,58.3
Benin,2006,8402631,25,16.42735095,58.8
Burkina Faso,2006,14316242,2.589999914,7.228700482,59.2
Botswana,2006,1928704,7.199999809,103.3373871,59.4
Central African Republic,2006,4294352,11.35999966,86.98944676,59.6
Cameroon,2006,17751333,10.25,82.74715778,59.9
Democratic Republic of the Congo,2006,58381630,10.27999973,62.90685386,59.9
Comoros,2006,604658,9.050000191,15.55874064,59.1
Djibouti,2006,846947,10.07999992,7.210237816,59.1
Eritrea,2006,2880093,7.889999866,9.171903326,60.4
Ethiopia,2006,79691050,6.451449769,7.309485784,60.6
Gabon,2006,1502534,20.90737597,3.772684939,60.9
Ghana,2006,23098586,28.8911191,2.611211949,61.1
Guinea,2006,9330625,NA,2.860542783,60.9
Guinea-Bissau,2006,1414091,0,1.301795383,60.7
Equatorial Guinea,2006,905418,13.80000019,0.569459514,51.7
Kenya,2006,36925253,7.900000095,0.420351638,52.4
Liberia,2006,3455397,10.89999962,0.568843602,53
Lesotho,2006,1976780,14.19999981,0.377944678,53.9
Madagascar,2006,19350299,29.20000076,0.16262717,54.4
Mali,2006,13623541,44.09999847,0.252994068,55
Mozambique,2006,20735982,24.70000076,0.206045777,55.5
Mauritania,2006,3081229,10.19999981,0.328537068,56.2
Malawi,2006,13118307,16.89999962,0.377908965,56.9
Namibia,2006,1986558,8.699999809,1.364810639,57.4
Niger,2006,14365168,11.30000019,1.791923807,57.9
Nigeria,2006,144329764,1.899999976,1.711171943,58.6
Rwanda,2006,9270066,15,0.273965167,58.9
Sudan,2006,30332968,-3.700000048,0.202025729,59.5
Senegal,2006,11263387,19.29999924,1.044689838,60.1
Sierra Leone,2006,5809774,26.39999962,1.458008013,60.6
Somalia,2006,10784973,6.199999809,4.607492074,61.3
South Sudan,2006,8029517,11.80000019,9.260115473,61.8
Chad,2006,10365614,10.39999962,10.57793056,62.1
Togo,2006,5874240,8.300000191,13.44854256,62.7
Tanzania,2006,40562052,6.400000095,9.138671338,62.9
Uganda,2006,28773227,13.5,7.05979215,63.5
South Africa,2006,49491756,5.169779778,7.036805439,63.5
Zambia,2006,11971567,4.956580162,4.554645379,64
Zimbabwe,2006,12330490,5.410830021,2.977511274,64.3
Angola,2007,20909684,6.520329952,2.897277242,64.3
Burundi,2007,7944609,6.389999866,4.564608079,65
Benin,2007,8647761,9.300731725,3.52797151,65.1
Burkina Faso,2007,14757074,10.86215165,4.447928047,65.3
Botswana,2007,1966977,4.820782402,3.362798349,65.9
Central African Republic,2007,4375569,3.809752026,2.746571354,65.2
Cameroon,2007,18251866,7.44,2.470437815,64.5
Democratic Republic of the Congo,2007,60289422,12.80000019,1.238853274,43.3
Comoros,2007,616899,13.10000038,-1.302446228,43.3
Djibouti,2007,865196,28.39999962,-0.394550292,43.4
Eritrea,2007,2926168,26.39999962,0.386354549,43.4
Ethiopia,2007,81996185,38.29999924,2.114787865,43.6
Gabon,2007,1549774,92.90000153,0.403807904,43.6
Ghana,2007,23708320,45.29999924,0.692565749,43.4
Guinea,2007,9547082,8.199999809,0.558295259,43.1
Guinea-Bissau,2007,1450572,27.70000076,0.691439461,42.8
Equatorial Guinea,2007,948814,43,3.295652375,43.6
Kenya,2007,38036793,19.70000076,1.491247431,44.5
Liberia,2007,3632740,17.60000038,1.124378614,45.9
Lesotho,2007,1983465,16.15800095,0.16877643,47.2
Madagascar,2007,19924958,5.285309792,2.053255695,48.8
Mali,2007,14080912,7.524230003,3.10150872,50.5
Mozambique,2007,21280513,17.2689991,3.821111993,52
Mauritania,2007,3153508,15.5539999,0.889485355,53.2
Malawi,2007,13495463,7.386499882,2.806009825,53.9
Namibia,2007,2011492,6.963039875,3.672720154,54.6
Niger,2007,14897873,7.340600014,0.793560945,55.4
Nigeria,2007,148294028,5.039430141,1.393898846,56.4
Rwanda,2007,9523168,3.130110025,10.15431903,57.5
Sudan,2007,31191163,19.5067997,-0.147399751,58.7
Senegal,2007,11563869,25.74839973,8.178513462,59.7
Sierra Leone,2007,5939163,21.23570061,9.889302048,60.9
Somalia,2007,11118092,23.86000061,4.514939411,61.4
South Sudan,2007,8417823,24.77000046,2.12956276,62.2
Chad,2007,10722731,13.64000034,1.008548773,63
Togo,2007,6047537,12.74531716,0.779423469,63.3
Tanzania,2007,41716497,15.27220507,0.50091585,64.1
Uganda,2007,29629804,17.34354843,0.371348227,63.7
South Africa,2007,49996094,0,0.367577809,62.9
Zambia,2007,12402073,3.900000095,0.213642953,46.6
Zimbabwe,2007,12450568,3.900000095,0.044242243,47.2
Angola,2008,21691522,-9.899999619,-0.772766549,47.5
Burundi,2008,8278109,-0.899999976,0.144104544,47.7
Benin,2008,8906469,26.60000038,0.836613058,47.7
Burkina Faso,2008,15197915,14.69999981,4.117231216,47.8
Botswana,2008,2007320,9,0.978604388,47.8
Central African Republic,2008,4467233,-1.600000024,2.757051329,48.5
Cameroon,2008,18777081,-3.700000048,0.327244503,49.2
Democratic Republic of the Congo,2008,62249724,-3.700000048,0.900941163,49.8
Comoros,2008,629470,-4.5,2.037208497,50.5
Djibouti,2008,882886,8,6.025897105,51.3
Eritrea,2008,3005779,7.199999809,-0.316548662,52.2
Ethiopia,2008,84357105,-4.099999905,1.538330225,52.9
Gabon,2008,1599978,-7,1.558288124,53.5
Ghana,2008,24326087,11.30000019,2.565531115,54
Guinea,2008,9779785,-0.400000006,2.147824203,54.6
Guinea-Bissau,2008,1488431,1.844089985,2.529738289,54.9
Equatorial Guinea,2008,994971,13.00749969,2.719050628,55.3
Kenya,2008,39186895,3.145920038,6.344938133,55.9
Liberia,2008,3783887,5.120090008,3.479526121,56.4
Lesotho,2008,1995014,5.141477585,4.285271525,56.8
Madagascar,2008,20513599,8.040693283,3.197567277,57.1
Mali,2008,14551117,-3.280679226,2.325364994,57.4
Mozambique,2008,21845571,-0.211996049,1.003936329,57.9
Mauritania,2008,3233336,3.045084715,2.102483715,58.4
Malawi,2008,13889423,-3.268172503,2.541532543,58.7
Namibia,2008,2038552,2.526047468,3.649342604,59.1
Niger,2008,15455175,2.15583849,2.737385338,59.4
Nigeria,2008,152382506,-5.367840767,4.971522344,59.7
Rwanda,2008,9781996,2.498522758,3.073803238,58.6
Sudan,2008,32065241,5.18,3.343410303,58.9
Senegal,2008,11872929,0,0.447020779,59.8
Sierra Leone,2008,6090860,2.700000048,0.106378803,59.9
Somalia,2008,11444870,7.5,0.34881625,60.3
South Sudan,2008,8823888,9.600000381,0.871081973,60.4
Chad,2008,11098664,3.5,0.106932672,60.3
Togo,2008,6222482,8,0.33414321,60.3
Tanzania,2008,42870884,7.5,-0.020427921,60.1
Uganda,2008,30509862,4.199999809,-0.160710337,60.5
South Africa,2008,50565812,8.800000191,0.006526596,60.6
Zambia,2008,12852966,3.599999905,0.761331101,60.8
Zimbabwe,2008,12550347,3.900000095,2.253187637,61
Angola,2009,22507674,6.5,4.392735228,61.2
Burundi,2009,8709366,4.400000095,3.789427799,61.3
Benin,2009,9172514,6,4.970775932,61.3
Burkina Faso,2009,15650022,6,17.10484024,61.6
Botswana,2009,2048997,13.69999981,27.65203618,61.7
Central African Republic,2009,4564540,5.400000095,3.944344679,61.9
Cameroon,2009,19319274,10.5,3.206769223,62.2
Democratic Republic of the Congo,2009,64270232,9.600000381,6.583584405,62.4
Comoros,2009,642493,2.599999905,-0.065160338,62.8
Djibouti,2009,901103,7.599999905,2.318904272,63.1
Eritrea,2009,3083888,6.360000134,8.70334474,63.3
Ethiopia,2009,86755585,4.300000191,20.6013054,63.6
Gabon,2009,1653542,4.409999847,15.58901996,63.9
Ghana,2009,24950762,5.070000172,7.623617042,64.2
Guinea,2009,10021323,5.639999866,8.135857773,64.5
Guinea-Bissau,2009,1527196,2.279999971,4.23731695,64.8
Equatorial Guinea,2009,1043686,3.079999924,8.65007233,65.1
Kenya,2009,40364444,4.203579598,10.34167724,65.3
Liberia,2009,3905066,2.720260753,-10.95397074,65.7
Lesotho,2009,2009169,2.192905904,11.03940559,64.5
Madagascar,2009,21117092,5.79,10.70654077,64.4
Mali,2009,15032635,0,NA,44.5
Mozambique,2009,22436660,0,0.619253659,44.7
Mauritania,2009,3322616,0,0.958350311,44.9
Malawi,2009,14298932,0,1.172354164,45.4
Namibia,2009,2067919,0,1.251542088,45.6
Niger,2009,16037915,50.79999924,1.551765425,46
Nigeria,2009,156595758,45,1.879796799,46.6
Rwanda,2009,10043737,5.900000095,1.385294144,47.4
Sudan,2009,32948155,-2.599999905,4.462489849,48
Senegal,2009,12195029,-6.300000191,6.386779435,48.8
Sierra Leone,2009,6259842,7.5,2.462665055,49.5
Somalia,2009,11730037,10.60000038,4.731541136,50.1
South Sudan,2009,9229227,19.60000038,6.116833404,50.6
Chad,2009,11496128,12.5,5.341543831,50.9
Togo,2009,6398624,10.80000019,6.231241804,51.2
Tanzania,2009,43957933,5.400000095,1.433068963,51.6
Uganda,2009,31412520,17,2.736675232,52
South Africa,2009,51170779,10.30000019,3.987136127,52.6
Zambia,2009,13318087,18.85630226,5.108230687,53.2
Zimbabwe,2009,12679810,7.013906002,7.806476418,53.8
Angola,2010,23364185,15.31612206,11.33266917,54.2
Burundi,2010,9126605,13.18357563,25.47664541,54.9
Benin,2010,9445710,3.131293297,34.46370265,55.6
Burkina Faso,2010,16116845,5.352434158,39.45620334,56.5
Botswana,2010,2091664,3.828331709,28.21616393,57.3
Central African Republic,2010,4660067,5.223413944,24.25152905,58.2
Cameroon,2010,19878036,27.22838783,26.20549649,59
Democratic Republic of the Congo,2010,66391257,16.39360619,17.54336326,59.8
Comoros,2010,656024,0.00500797,11.30357493,60.5
Djibouti,2010,919199,3.284721136,21.95789811,61.2
Eritrea,2010,3147727,7.596436977,22.72425076,61.2
Ethiopia,2010,89237791,10.94,33.56453774,59.3
Gabon,2010,1711105,17.29999924,1.059779675,62.5
Ghana,2010,25574719,5.900000095,4.019167755,62.1
Guinea,2010,10270728,19.70000076,3.447467658,61.5
Guinea-Bissau,2010,1567220,6.5,1.699895658,60.9
Equatorial Guinea,2010,1094524,13.19999981,2.672246756,59.8
Kenya,2010,41517895,11.60000038,3.846060687,58.6
Liberia,2010,4019956,6.699999809,3.226050783,56.9
Lesotho,2010,2022747,7.699999809,2.189505398,55.6
Madagascar,2010,21731053,2.700000048,2.48463566,54.1
Mali,2010,15529181,5.599999905,1.320987313,53
Mozambique,2010,23073723,6.900000095,5.006077223,52
Mauritania,2010,3419461,11.5,10.66350346,51.3
Malawi,2010,14718422,19.5,4.405124502,51.3
Namibia,2010,2099271,9.062278748,1.321653638,51.1
Niger,2010,16647543,0.978501022,3.382578084,51.2
Nigeria,2010,160952853,1.302623153,5.37844358,51.8
Rwanda,2010,10309031,6.492082596,7.625776144,52.7
Sudan,2010,33739933,11.94227314,7.57034788,53.7
Senegal,2010,12530121,16.78505325,8.718309346,54.7
Sierra Leone,2010,6436698,10.54292011,9.274714181,55.5
Somalia,2010,12026649,3.168942928,2.515270424,56
South Sudan,2010,9714419,4.928394318,6.416791248,56.6
Chad,2010,11894727,9.036144257,7.986158715,57.6
Togo,2010,6571855,6.508977413,6.4523442,58.7
Tanzania,2010,45110527,8.259038925,3.583171207,59.8
Uganda,2010,32341728,5.637494564,7.400668496,60.7
South Africa,2010,51784921,10.76541424,3.34571188,61.7
Zambia,2010,13792086,5.604967594,2.175057338,62.3
Zimbabwe,2010,12839771,3.180854082,1.712992678,62.6
Angola,2011,24259111,4.298296928,-1.407106309,63.1
Burundi,2011,9455733,5.219007015,-1.419189581,62.8
Benin,2011,9726380,5.73,5.272833453,59.3
Burkina Faso,2011,16602651,6.599999905,1.161884875,41.9
Botswana,2011,2134037,9.5,0.342091114,42.2
Central African Republic,2011,4732022,-0.200000003,1.665275771,42.9
Cameroon,2011,20448873,1.100000024,-1.118922621,43.8
Democratic Republic of the Congo,2011,68654269,44.09999847,0.210312273,44.7
Comoros,2011,670071,9.100000381,0.097014894,45.8
Djibouti,2011,936811,12.19999981,0.358757856,46.7
Eritrea,2011,3207570,5.599999905,0.827804577,47.5
Ethiopia,2011,91817929,5.599999905,-0.066754008,48.2
Gabon,2011,1772500,-5.300000191,0.063254584,48.7
Ghana,2011,26205941,3.099999905,0.703342943,49.3
Guinea,2011,10527712,7.099999905,0.922420863,49.8
Guinea-Bissau,2011,1609017,4.5,0.281340726,50.6
Equatorial Guinea,2011,1144588,-4.699999809,0.545924442,51.4
Kenya,2011,42635144,-1.5,0.649159704,52.6
Liberia,2011,4181150,14.89999962,1.135067623,53.6
Lesotho,2011,2037677,-1.823519945,0.84749749,54.6
Madagascar,2011,22348158,-0.533188999,1.728586349,55.6
Mali,2011,16039734,20.36389923,3.87903108,56.5
Mozambique,2011,23760421,11.16839981,8.62089018,57.4
Mauritania,2011,3524249,0.326905012,10.14669069,58.4
Malawi,2011,15146094,3.432869911,12.16450547,59
Namibia,2011,2132340,3.234970093,8.92367847,59.6
Niger,2011,17283112,4.437078476,7.035165291,60.2
Nigeria,2011,165463745,-1.269840479,7.575911354,60.8
Rwanda,2011,10576932,0.458371222,5.46761766,61.1
Sudan,2011,34419624,-1.205392361,2.89774471,61.6
Senegal,2011,12875880,0.751360953,3.028230749,62.2
Sierra Leone,2011,6612385,-0.57358328,3.638493439,62.5
Somalia,2011,12216837,-4.589584939,5.552201672,62.9
South Sudan,2011,10243050,-0.205180856,2.624046789,61.5
Chad,2011,12317730,7.47,3.98812655,61.6
Togo,2011,6748672,3.700000048,1.08795099,46
Tanzania,2011,46416031,11.89999962,1.450317769,45.7
Uganda,2011,33295738,46.5,1.87601773,45.7
South Africa,2011,52443325,57.90000153,4.847790004,45.8
Zambia,2011,14265814,46.79999924,5.790847305,45.5
Zimbabwe,2011,13025785,72.09999847,0.762195576,45.5
Angola,2012,25188292,30.13821793,0.977520982,45.6
Burundi,2012,9795479,11.52194595,0.862276325,45.8
Benin,2012,10014078,3.64469862,0.548616188,46
Burkina Faso,2012,17113732,1.100335956,1.692557514,46.6
Botswana,2012,2175425,2.771383286,1.641739329,47.2
Central African Republic,2012,4773306,28.57962036,1.635526231,47.6
Cameroon,2012,21032684,13.90180302,1.971583402,47.9
Democratic Republic of the Congo,2012,70997870,6.399793625,1.914620097,48.4
Comoros,2012,684553,14.4503603,1.38037404,48.8
Djibouti,2012,954297,22.78014183,2.836294592,49.3
Eritrea,2012,3252596,5.584149361,2.035753057,49.7
Ethiopia,2012,94451280,2.132062197,2.169195666,50
Gabon,2012,1836705,15.92245865,2.413739613,50.2
Ghana,2012,26858762,14.69766998,2.900249401,50.7
Guinea,2012,10788692,14.85638714,1.642073195,50.9
Guinea-Bissau,2012,1652717,10.19474411,2.133118402,51.4
Equatorial Guinea,2012,1193636,11.18307877,1.523782396,51.5
Kenya,2012,43725806,9.506570816,1.069539399,51.7
Liberia,2012,4331740,9.447976112,0.817478379,51.8
Lesotho,2012,2054718,9.862779617,0.621501511,51.8
Madagascar,2012,22966240,14.83091164,0.853395904,52
Mali,2012,16514687,19.44750977,0.64218292,52.3
Mozambique,2012,24487611,14.31707954,0.183821514,52.6
Mauritania,2012,3636113,13.68111134,0.514393407,52.9
Malawi,2012,15581251,16.08259583,0.551893461,52.9
Namibia,2012,2167470,20.3,0.751578401,52.7
Niger,2012,17954407,5.099999905,0.300370292,48.4
Nigeria,2012,170075932,13.60000038,0.239589751,46.5
Rwanda,2012,10840334,7,0.271065925,44.3
Sudan,2012,35159792,14.5,0.29621724,42.2
Senegal,2012,13231833,14.5,1.33E-04,14.1
Sierra Leone,2012,6788587,14.5,0.154615065,40
Somalia,2012,12440326,4.199999809,0.160597843,40.7
South Sudan,2012,10701604,23.89999962,0.139882168,40.6
Chad,2012,12754906,8.899999619,0.356901657,41.7
Togo,2012,6926635,-14.69999981,0.080715966,44.6
Tanzania,2012,47786137,0.899999976,0.391762379,47.1
Uganda,2012,34273295,6,0.941235872,49
South Africa,2012,53145033,-1.200000048,0.076342385,51
Zambia,2012,14744658,13.80000019,0.219918359,53.4
Zimbabwe,2012,13265331,18.89999962,0.324159088,55.5
Angola,2013,26147002,10.10000038,0.271455482,57.3
Burundi,2013,10149577,9.920000076,0.923537523,58.7
Benin,2013,10308730,7.829999924,2.022581494,60
Burkina Faso,2013,17636408,16.31999969,1.97576661,61.1
Botswana,2013,2217278,16.25,2.092357631,62
Central African Republic,2013,4802428,1.659999967,3.531675494,62.5
Cameroon,2013,21632850,6.539999962,1.629433917,63.3
Democratic Republic of the Congo,2013,73460021,12.40999985,3.524076954,64
Comoros,2013,699393,5.090000153,2.990846117,64.4
Djibouti,2013,971753,1.169999957,3.813068977,64.9
Eritrea,2013,3296367,3.859999895,1.898064831,65.3
Ethiopia,2013,97084366,10.81000042,3.218861397,65.7
Gabon,2013,1902226,9.449999809,2.961535753,65.9
Ghana,2013,27525597,2.878311703,3.797713971,66.3
Guinea,2013,11055430,3.715948105,2.541174409,66.4
Guinea-Bissau,2013,1697753,15.39589405,1.498516736,66.8
Equatorial Guinea,2013,1243941,-4.15,1.914085861,66.1
Kenya,2013,44792368,6.300000191,0.769765912,56.9
Liberia,2013,4427313,4.199999809,-0.104067675,57.1
Lesotho,2013,2073939,2.299999952,0.275210566,57.1
Madagascar,2013,23588073,1.399999976,-0.011024101,57
Mali,2013,17004033,43.5,1.328335773,57
Mozambique,2013,25251731,3.900000095,0.500667536,56.8
Mauritania,2013,3742959,2.799999952,0.212746498,56.7
Malawi,2013,16024775,3.855000019,2.959708259,56.6
Namibia,2013,2204510,4.307499886,1.092992631,56.4
Niger,2013,18653199,1.848749995,2.4524643,56.6
Nigeria,2013,174726123,1.299379945,1.357744568,56.9
Rwanda,2013,11101350,4.909999847,0.69275728,57.6
Sudan,2013,35990704,4.760000229,1.180244362,58.2
Senegal,2013,13595566,-0.610000014,0.986458241,59.1
Sierra Leone,2013,6964859,0.75,1.365346549,60
Somalia,2013,12852485,3.890000105,1.525513055,60.9
South Sudan,2013,11106031,1.370000005,2.477708259,61.8
Chad,2013,13216766,7.269999981,2.511456581,62.5
Togo,2013,7106229,13.01000023,2.704047149,63.2
Tanzania,2013,49253643,-3.24000001,2.052995258,63.9
Uganda,2013,35273570,3.970000029,1.687783497,64.6
South Africa,2013,53873616,6.660044193,1.901069859,65.3
Zambia,2013,15234976,2.477476835,1.563680079,65.5
Zimbabwe,2013,13555422,1.303524971,1.64581755,66.1
Angola,2014,27128337,-1.862800479,2.036131088,66.5
Burundi,2014,10494913,1.806676507,2.301949354,66.9
Benin,2014,10614844,3.309622765,2.481103144,67.5
Burkina Faso,2014,18169842,3.739946127,2.801853565,67.8
Botswana,2014,2260376,1.061968207,3.667626947,68.1
Central African Republic,2014,4798734,0.978277624,4.553491203,68.5
Cameroon,2014,22299585,3.303074121,7.535426476,68
Democratic Republic of the Congo,2014,76035588,2.778115249,8.079177813,67.1
Comoros,2014,714612,113.5,4.992681776,44.1
Djibouti,2014,989087,85.5,0.962133785,43.5
Eritrea,2014,3323425,42,-0.82339219,43.6
Ethiopia,2014,99746766,-34.40000153,-0.970708087,43.6
Gabon,2014,1966855,34.40000153,-0.31518119,42.9
Ghana,2014,28196358,33.29999924,0.836862793,42.7
Guinea,2014,11333365,22.39999962,0.070499967,43.7
Guinea-Bissau,2014,1743309,6.800000191,0.211714175,43.7
Equatorial Guinea,2014,1295183,31.79999924,0.015599153,42.8
Kenya,2014,45831863,34.20000076,0.079655501,42.1
Liberia,2014,4519398,-0.300000012,6.133420204,45.1
Lesotho,2014,2095242,5.199999809,0.901974622,45.7
Madagascar,2014,24215976,-0.800000012,0.830852374,46.4
Mali,2014,17551814,7.5,0.621661643,47
Mozambique,2014,26038704,7.5,4.2217306,47.6
Mauritania,2014,3843174,7.300000191,5.497242011,48.2
Malawi,2014,16477966,7.300000191,3.122845624,49.3
Namibia,2014,2243001,11,4.422993265,50.4
Niger,2014,19372014,8.510000229,2.119175541,51.5
Nigeria,2014,179379016,8.300000191,4.500191915,52.6
Rwanda,2014,11368451,8.590000153,9.247547614,53.7
Sudan,2014,37003245,7.75,32.3011956,54.6
Senegal,2014,13970308,6.710000038,19.00245956,55.5
Sierra Leone,2014,7140688,5.679999828,8.732410791,56.3
Somalia,2014,13309235,4.659999847,7.479119148,56.4
South Sudan,2014,11213284,8.359999657,5.98370116,57.2
Chad,2014,13697126,12.56999969,3.769175885,58.4
Togo,2014,7288383,19.44000053,11.12351219,58.7
Tanzania,2014,50814552,17.69592019,6.130698063,59.8
Uganda,2014,36336539,8.810270353,8.399200369,60.3
South Africa,2014,54729551,8.545108115,4.250230769,59.8
Zambia,2014,15737793,16.96,5.251773891,60.1
Zimbabwe,2014,13855753,#N/A,0.609567099,47.1
Angola,2015,28127721,#N/A,NA,26.6
Burundi,2015,10727148,#N/A,NA,27.3
Benin,2015,10932783,#N/A,NA,50.6
Burkina Faso,2015,18718019,#N/A,NA,50.3
Botswana,2015,2305171,#N/A,NA,50.6
Central African Republic,2015,4819333,#N/A,NA,50.4
Cameroon,2015,23012646,#N/A,NA,50.2
Democratic Republic of the Congo,2015,78656904,#N/A,NA,50.7
Comoros,2015,730216,#N/A,NA,50.5
Djibouti,2015,1006259,#N/A,NA,50.7
Eritrea,2015,3340006,#N/A,NA,50.7
Ethiopia,2015,102471895,#N/A,NA,50.7
Gabon,2015,2028517,#N/A,NA,50.6
Ghana,2015,28870939,#N/A,NA,50.5
Guinea,2015,11625998,#N/A,NA,50.7
Guinea-Bissau,2015,1788919,#N/A,NA,50.6
Equatorial Guinea,2015,1346973,#N/A,NA,50.5
Kenya,2015,46851488,#N/A,NA,51.1
Liberia,2015,4612329,#N/A,NA,51.9
Lesotho,2015,2118521,#N/A,NA,50.6
Madagascar,2015,24850912,#N/A,NA,51.3
Mali,2015,18112907,#N/A,NA,53.2
Mozambique,2015,26843246,#N/A,5.636880052,53.8
Mauritania,2015,3946220,#N/A,5.194029859,54.3
Malawi,2015,16938942,#N/A,5.679475164,54.9
Namibia,2015,2282704,#N/A,5.963136971,55
Niger,2015,20128124,#N/A,6.578712783,55.7
Nigeria,2015,183995785,#N/A,6.967213107,56.4
Rwanda,2015,11642959,#N/A,6.892829607,57.1
Sudan,2015,38171178,#N/A,6.741246549,56
Senegal,2015,14356181,#N/A,5.971421071,55.3
Sierra Leone,2015,7314773,16.00426865,-0.060074196,63.4
Somalia,2015,13763906,19.63669586,0.187962493,63.3
South Sudan,2015,11194299,25.25465965,0.002285037,63.3
Chad,2015,14140274,6.797604084,0.007670383,63
Togo,2015,7473229,13.73563385,0.243895536,62.6
Tanzania,2015,52542823,8.741786957,0.72694751,62.3
Uganda,2015,37477356,6.052514076,0.500125796,61.5
South Africa,2015,55876504,9.464344025,2.255071106,60.8
Zambia,2015,16248230,6.164316654,0.359739477,60
Zimbabwe,2015,14154937,4.892074585,0.992190195,59.2
Angola,2016,29154746,7.818109989,0.638424939,58.5
Burundi,2016,10903327,5.375895977,5.368357146,57.3
Benin,2016,11260085,17.39383888,1.146352158,55.7
Burkina Faso,2016,19275498,8.068034172,0.39749017,54.3
Botswana,2016,2352416,1.883632898,0.274200088,54
Central African Republic,2016,4904177,1.99773562,2.257808804,54
Cameroon,2016,23711630,6.101661682,0.205124054,54.3
Democratic Republic of the Congo,2016,81430977,9.512450218,1.977567546,55
Comoros,2016,746232,15.31476116,3.126857438,56
Djibouti,2016,1023261,9.530518532,2.312181798,57.4
Eritrea,2016,3365287,1.366410613,0.884901953,58.9
Ethiopia,2016,105293228,7.132576466,0.903377443,60.7
Gabon,2016,2086206,7.146347523,1.064922495,61.8
Ghana,2016,29554303,5.700600624,2.053580952,62.5
Guinea,2016,11930985,7.604357719,1.519327438,63.4
Guinea-Bissau,2016,1834552,5.122300148,0.438735792,63.9
Equatorial Guinea,2016,1398927,10.52731609,0.684612553,64.7
Kenya,2016,47894670,6.945045948,0.539673957,65.4
Liberia,2016,4706097,3.5817976,1.378035088,65.7
Lesotho,2016,2143872,3.554335117,1.316776751,66.2
Madagascar,2016,25501941,4.39460516,0.934054723,65.3
Mali,2016,18700106,6.098,9.855527118,62.3
Mozambique,2016,27696493,#N/A,NA,29.9
Mauritania,2016,4051890,#N/A,NA,30.1
Malawi,2016,17405624,#N/A,NA,22.7
Namibia,2016,2323352,#N/A,NA,22.7
Niger,2016,20921743,#N/A,NA,44.4
Nigeria,2016,188666931,#N/A,NA,30.9
Rwanda,2016,11930899,#N/A,NA,31.3
Sudan,2016,39377169,#N/A,NA,32.2
Senegal,2016,14751356,#N/A,NA,18.4
Sierra Leone,2016,7493913,#N/A,NA,43.2
Somalia,2016,14292847,#N/A,NA,46
South Sudan,2016,11066105,#N/A,NA,46.9
Chad,2016,14592585,#N/A,NA,47.5
Togo,2016,7661354,#N/A,NA,50.3
Tanzania,2016,54401802,#N/A,NA,50.9
Uganda,2016,38748299,#N/A,NA,51.5
South Africa,2016,56422274,#N/A,NA,52
Zambia,2016,16767761,#N/A,NA,52.9
Zimbabwe,2016,14452704,#N/A,NA,53.5
Angola,2017,30208628,#N/A,NA,53.9
Burundi,2017,11155593,#N/A,NA,54.8
Benin,2017,11596779,#N/A,NA,54.9
Burkina Faso,2017,19835858,#N/A,1.349372464,55.9
Botswana,2017,2401840,#N/A,-4.303591748,55.8
Central African Republic,2017,4996741,#N/A,0.007418779,55
Cameroon,2017,24393181,#N/A,0.001250229,55.6
Democratic Republic of the Congo,2017,84283273,#N/A,NA,55.5
Comoros,2017,761664,#N/A,NA,55.3
Djibouti,2017,1040233,#N/A,NA,55.9
Eritrea,2017,3396933,#N/A,NA,55.9
Ethiopia,2017,108197950,#N/A,NA,55.5
Gabon,2017,2140215,#N/A,NA,55
Ghana,2017,30222262,67.80000305,-0.092535282,49.7
Guinea,2017,12240789,130.8000031,-0.001412581,50.2
Guinea-Bissau,2017,1879826,97.40000153,0.00127946,45.9
Equatorial Guinea,2017,1450694,0,-0.001801439,46.6
Kenya,2017,48948137,0,0.775195475,56.6
Liberia,2017,4796631,0,0.086769497,52
Lesotho,2017,2170617,0,0.004435454,52.3
Madagascar,2017,26169542,0,0.838077686,52.8
Mali,2017,19311355,0,3.295015047,48.8
Mozambique,2017,28569441,0,3.471245356,57
Mauritania,2017,4160015,0,3.199694989,58.3
Malawi,2017,17881167,0,3.652215113,58.6
Namibia,2017,2364534,0,3.932217718,59
Niger,2017,21737922,0,6.317740891,58.2
Nigeria,2017,193495907,0,5.671015852,56.8
Rwanda,2017,12230339,0,4.438875896,57.3
Sudan,2017,40679828,0,4.069045324,60.3
Senegal,2017,15157793,0,2.530915715,61.3
Sierra Leone,2017,7677565,0,2.549854944,61.2
Somalia,2017,14864221,0,2.96023859,62.6
South Sudan,2017,10658226,0,2.783139545,63
Chad,2017,15085884,0,2.212119102,63.2
Togo,2017,7852795,0,3.657635049,63.8
Tanzania,2017,56267032,0,2.556369967,63.7
Uganda,2017,40127085,0,1.628883277,64.3
South Africa,2017,56641209,11.65129852,2.033736207,64.7
Zambia,2017,17298054,13.65399574,1.033348427,64.8
Zimbabwe,2017,14751101,34.92217381,0.821243068,65.4
Angola,2018,31273533,2.458174963,3.512695239,65.7
Burundi,2018,11493472,62.68204312,2.552269688,65.9
Benin,2018,11940683,67.73456997,2.65193447,65.6
Burkina Faso,2018,20392723,251.07,1.523243969,65.3
Botswana,2018,2451409,35,2.35E-04,51.5
Central African Republic,2018,5094780,31.89999962,2.02E-04,51.3
Cameroon,2018,25076747,21.20000076,0.264476121,51
Democratic Republic of the Congo,2018,87087355,22.79999924,0.480488362,50.9
Comoros,2018,776313,32.40000153,1.108459134,50.8
Djibouti,2018,1057198,33.40000153,2.282237875,50.8
Eritrea,2018,3445374,20.39999962,2.310065686,50.7
Ethiopia,2018,111129438,17.5,2.054764377,50.6
Gabon,2018,2192012,14.69999981,1.404237523,50.9
Ghana,2018,30870641,8.800000191,4.064919874,51.7
Guinea,2018,12554864,6.800000191,3.46442642,52.4
Guinea-Bissau,2018,1924955,6.099999905,4.044211007,53.2
Equatorial Guinea,2018,1502091,4.099999905,2.797101915,53.9
Kenya,2018,49953304,6.534340382,2.091407706,54.9
Liberia,2018,4889391,8.240377426,2.653759399,55.6
Lesotho,2018,2198017,4.741997719,5.084614661,56.3
Madagascar,2018,26846541,7.002130985,2.161114459,56.9
Mali,2018,19934298,7.00686121,2.662169681,57.5
Mozambique,2018,29423878,12.65025806,4.947011546,58.1
Mauritania,2018,4270712,17.52832222,3.275688379,58.9
Malawi,2018,18367883,7.641262531,5.663728305,60.1
Namibia,2018,2405680,15.97238159,3.547208331,61
Niger,2018,22577058,20.59051895,4.538770279,62
Nigeria,2018,198387623,8.469236374,4.569257822,63
Rwanda,2018,12531808,7.431080818,2.834169964,63.9
Sudan,2018,41999059,8.410115242,3.17870257,64.7
Senegal,2018,15574909,7.502268314,1.735926213,65.4
Sierra Leone,2018,7861281,9.122724533,1.758605801,66
Somalia,2018,15411094,2.956364632,1.704410602,66.5
South Sudan,2018,10395329,2.863456011,1.991000159,67
Chad,2018,15604210,4.785106659,1.097405659,66.4
Togo,2018,8046679,4.255671385,1.358803511,66.2
Tanzania,2018,58090443,1.899999976,1.120074231,54.4
Uganda,2018,41515395,-4.199999809,0.404407009,54.3
South Africa,2018,57339635,3.099999905,-0.774358714,54.3
Zambia,2018,17835893,-0.400000006,-1.505954466,54.2
Zimbabwe,2018,15052184,31.70000076,-0.332320523,54
Angola,2019,32353588,27.79999924,-0.596716767,54
Burundi,2019,11874838,5.800000191,0.153804363,54.1
Benin,2019,12290444,14.19999981,0.817929779,54.2
Burkina Faso,2019,20951639,-3,0.700298687,54.2
Botswana,2019,2499702,-5,0.957027947,54.5
Central African Republic,2019,5209324,-3.400000095,3.540361003,54.7
Cameroon,2019,25782341,5.199999809,4.898529519,54.9
Democratic Republic of the Congo,2019,89906890,3.900000095,3.387025942,55.3
Comoros,2019,790986,-5.699999809,2.163381506,55.6
Djibouti,2019,1073994,-1.200000048,3.538404522,55.6
Eritrea,2019,3498818,1.830000043,4.207947387,56
Ethiopia,2019,114120594,2.470000029,3.886602318,56.2
Gabon,2019,2242785,3.890000105,2.343818568,56.5
Ghana,2019,31522290,5.670000076,1.531206852,56.7
Guinea,2019,12877539,9.5,1.370256085,57
Guinea-Bissau,2019,1970457,-0.340000004,3.646756262,57.3
Equatorial Guinea,2019,1553031,1.149999976,18.81778042,57.9
Kenya,2019,50951450,3.369999886,3.137151844,58.1
Liberia,2019,4985289,0.569219768,4.248354417,58.7
Lesotho,2019,2225702,-4.353820324,1.180775985,58.9
Madagascar,2019,27533134,5.879677773,6.167622343,59.4
Mali,2019,20567424,3.145599842,-0.767757886,59.6
Mozambique,2019,30285595,-4.154223442,1.384709237,60.2
Mauritania,2019,4383849,0.305294088,-2.54453891,60.2
Malawi,2019,18867337,-0.524165571,4.787792567,60.9
Namibia,2019,2446644,3.386284351,-0.781645644,61
Niger,2019,23443393,9.833629087,1.543827631,61.6
Nigeria,2019,203304492,19.20000076,-0.137301402,46.4
Rwanda,2019,12835028,23.89999962,0.030104803,46.3
Sudan,2019,43232093,65.30000305,0.104988425,46.4
Senegal,2019,16000781,-4,1.695421005,46.2
Sierra Leone,2019,8046828,15.89999962,2.210287867,46.4
Somalia,2019,15981300,4.599999905,2.105695143,46.6
South Sudan,2019,10447666,6.599999905,2.001791578,46.7
Chad,2019,16126866,18.10000038,2.791365385,47
Togo,2019,8243094,-2,3.189155246,47.2
Tanzania,2019,59872579,6.900000095,2.337226332,47.8
Uganda,2019,42949080,1,2.59476175,48.3
South Africa,2019,58087055,-0.662429988,2.593888371,49
Zambia,2019,18380477,3.243309975,2.988527292,49.6
Zimbabwe,2019,15354608,-0.208241999,3.060331946,50.4
Angola,2020,33428486,-3.067389965,3.720850757,51.5
Burundi,2020,12220227,-6.872439861,4.110826068,53
Benin,2020,12643123,5.936729908,6.457058045,54.4
Burkina Faso,2020,21522626,2.657049894,6.656597303,55.2
Botswana,2020,2546402,19.84620094,5.04737194,55.8
Central African Republic,2020,5343020,25.24679947,3.349161551,56.5
Cameroon,2020,26491087,2.65576005,2.039004693,57.1
Democratic Republic of the Congo,2020,92853164,29.25880051,3.208606039,58
Comoros,2020,806166,13.61170006,4.414385873,58.8
Djibouti,2020,1090156,2.250099897,3.790317034,59.8
Eritrea,2020,3555868,3.822770119,3.24589608,60.4
Ethiopia,2020,117190911,7.431059837,2.277605067,61.1
Gabon,2020,2292573,5.531217575,2.14253048,61.6
Ghana,2020,32180401,10.10094643,2.610889174,62.1
Guinea,2020,13205153,-1.186765075,3.205128111,62.7
Guinea-Bissau,2020,2015828,-0.201825917,3.602542903,63
Equatorial Guinea,2020,1596049,1.761291385,2.32383307,62.9
Kenya,2020,51985780,0.669953824,2.715184651,62.7
Liberia,2020,5087584,98.80000305,6.170063526,47.9
Lesotho,2020,2254100,89.30000305,1.015128567,47.1
Madagascar,2020,28225177,156.1999969,1.414239664,46.5
Mali,2020,21224040,176,9.605168154,46.2
Mozambique,2020,31178239,51.09999847,1.093898095,45.9
Mauritania,2020,4498604,35.20000076,2.810562477,45.6
Malawi,2020,19377061,42.5,3.533283091,45.2
Namibia,2020,2489098,21.39999962,4.819577319,44.9
Niger,2020,24333639,24.60000038,5.596883537,44.7
Nigeria,2020,208327405,22.60000038,4.758670801,44.7
Rwanda,2020,13146362,22.60000038,3.379914273,45.2
Sudan,2020,44440486,18.89999962,3.541352382,46
Senegal,2020,16436120,27.10000038,7.11494945,47
Sierra Leone,2020,8233970,22.10000038,7.078974814,48.3
Somalia,2020,16537016,16.39999962,5.851719252,49.5
South Sudan,2020,10606227,18.60000038,4.284032189,50.7
Chad,2020,16644701,4.900000095,4.827128722,51.8
Togo,2020,8442580,5.300000191,9.418111673,52.7
Tanzania,2020,61704518,13.80000019,5.240508113,53.9
Uganda,2020,44404611,14.19999981,4.532779776,55.3
South Africa,2020,58801927,5.199999809,8.533196438,56.8
Zambia,2020,18927715,4.833652496,4.725161569,57.8
Zimbabwe,2020,15669666,7.011972904,6.789381241,58.9
Angola,2021,34503774,6.523138523,7.489325056,59.9
Burundi,2021,12551213,7.248485088,5.555427918,60.7
Benin,2021,12996895,11.08042908,7.44741669,61.2
Burkina Faso,2021,22100683,21.26483345,3.162519748,61.8
Botswana,2021,2588423,5.761049271,4.280501171,62.1
Central African Republic,2021,5457154,7.142212391,1.552313969,62.3
Cameroon,2021,27198628,10.44058323,2.350919043,62.8
Democratic Republic of the Congo,2021,95894118,16.23622131,1.353931216,62.4
Comoros,2021,821625,27.71,-3.716345994,61.2
Djibouti,2021,1105557,18,-0.138958362,59.4
Eritrea,2021,3620312,25,0.032291753,58.1
Ethiopia,2021,120283026,57.5,0.221431698,56.4
Gabon,2021,2341179,38.79999924,0.425897783,54.4
Ghana,2021,32833031,25.79999924,0.502837235,52.6
Guinea,2021,13531906,27.60000038,1.655119106,50.5
Guinea-Bissau,2021,2060721,26.89999962,0.945850735,49
Equatorial Guinea,2021,1634466,17.60000038,1.583901352,48
Kenya,2021,53005614,39.40000153,6.940053217,46.8
Liberia,2021,5193416,68,0.860307485,45.2
Lesotho,2021,2281454,48.90000153,0.346788445,44.7
Madagascar,2021,28915653,60.20000076,0.056068824,42
Mali,2021,21904983,135.1000061,0.408381024,44.6
Mozambique,2021,32077072,386.3999939,0.066345508,43.4
Mauritania,2021,4614974,369.5,0.149855352,44.5
Malawi,2021,19889742,223.8999939,1.786206014,44.8
Namibia,2021,2530151,1034.199951,0.734767827,45.4
Niger,2021,25252722,7375.299805,1.301977507,45.6
Nigeria,2021,213401323,7375.299805,1.168556906,46.7
Rwanda,2021,13461888,-15.07999992,1.086305046,48.1
Sudan,2021,45657202,3.829999924,1.018021732,50.7
Senegal,2021,16876720,3.99000001,2.441511457,53.3
Sierra Leone,2021,8420641,4.619999886,2.04413128,55.6
Somalia,2021,17065581,1.690000057,1.954060077,57.5
South Sudan,2021,10748272,-3.119999886,2.425172598,58.8
Chad,2021,17179740,-3.339999914,1.999687363,59.6
Togo,2021,8644829,-3.25999999,1.669274355,60.3
Tanzania,2021,63588334,2.5,1.746884526,60.7
Uganda,2021,45853778,14.58994313,2.101721082,61.4
South Africa,2021,59392255,86.12437052,1.142805585,61.3
Zambia,2021,19473125,601.0202356,0.699033511,61.1
Zimbabwe,2021,15993524,105.8,0.585099586,59.3
