country,year,fdi
Angola,1990,-2.981627998
Angola,1991,6.266630536
Angola,1992,3.466087528
Angola,1993,5.236863254
Angola,1994,3.837036558
Angola,1995,8.52948884
Angola,1996,2.398993967
Angola,1997,5.382318076
Angola,1998,17.12159065
Angola,1999,40.16725096
Angola,2000,9.62386631
Angola,2001,24.00911706
Angola,2002,11.40619007
Angola,2003,20.08101417
Angola,2004,9.329243428
Angola,2005,-3.526655479
Angola,2006,-0.072001021
Angola,2007,-1.368761628
Angola,2008,1.896315059
Angola,2009,3.136661988
Angola,2010,-3.950097761
Angola,2011,-2.763035293
Angola,2012,-1.171719166
Angola,2013,-5.337281076
Angola,2014,2.664963835
Angola,2015,11.49770191
Angola,2016,-0.360184289
Angola,2017,-10.72495055
Angola,2018,-8.299051356
Angola,2019,-5.913333383
Angola,2020,-3.480977926
Angola,2021,-6.461186268
Benin,1990,-0.150760025
Benin,1991,0.019825555
Benin,1992,0.056291442
Benin,1993,-0.951216946
Benin,1994,-0.444751627
Benin,1995,-0.356668621
Benin,1996,-0.620945778
Benin,1997,0.537109689
Benin,1998,0.46002923
Benin,1999,0.253298427
Benin,2000,-0.363490771
Benin,2001,0.456588188
Benin,2002,-0.462423397
Benin,2003,0.19887034
Benin,2004,-0.658688556
Benin,2005,-0.133820379
Benin,2006,-0.175764659
Benin,2007,1.703869671
Benin,2008,0.492562945
Benin,2009,-0.193121755
Benin,2010,0.561144748
Benin,2011,1.508440504
Benin,2012,2.527057775
Benin,2013,2.87863747
Benin,2014,3.054209933
Benin,2015,1.315011821
Benin,2016,1.11488131
Benin,2017,1.581704951
Benin,2018,1.360735733
Benin,2019,1.516207809
Benin,2020,1.111838798
Benin,2021,2.018004498
Botswana,1990,2.529699692
Botswana,1991,-0.20826592
Botswana,1992,-0.037722892
Botswana,1993,-6.897679919
Botswana,1994,-0.332319066
Botswana,1995,1.488459308
Botswana,1996,1.468356845
Botswana,1997,1.994132797
Botswana,1998,1.989749587
Botswana,1999,0.668733486
Botswana,2000,0.987700169
Botswana,2001,0.558884524
Botswana,2002,7.501528068
Botswana,2003,5.565281275
Botswana,2004,4.363836574
Botswana,2005,4.242949051
Botswana,2006,4.908814694
Botswana,2007,4.68081345
Botswana,2008,4.854434839
Botswana,2009,2.062547945
Botswana,2010,1.728054989
Botswana,2011,1.940398126
Botswana,2012,1.050397628
Botswana,2013,0.470417393
Botswana,2014,3.330203617
Botswana,2015,2.797734884
Botswana,2016,0.944948457
Botswana,2017,1.617958271
Botswana,2018,1.67893798
Botswana,2019,0.560658417
Botswana,2020,0.213041137
Botswana,2021,0.3131187
Burkina Faso,1990,0.014832487
Burkina Faso,1991,0.018181553
Burkina Faso,1992,0.092741652
Burkina Faso,1993,0.099338813
Burkina Faso,1994,0.969328512
Burkina Faso,1995,0.412551083
Burkina Faso,1996,0.627288462
Burkina Faso,1997,0.398984056
Burkina Faso,1998,0.157122702
Burkina Faso,1999,0.233833728
Burkina Faso,2000,0.778458229
Burkina Faso,2001,0.196436738
Burkina Faso,2002,0.414815874
Burkina Faso,2003,0.614299265
Burkina Faso,2004,0.263190291
Burkina Faso,2005,0.848145934
Burkina Faso,2006,1.280645725
Burkina Faso,2007,0.284717928
Burkina Faso,2008,0.351169691
Burkina Faso,2009,0.59946891
Burkina Faso,2010,0.384492249
Burkina Faso,2011,1.190744868
Burkina Faso,2012,2.62145971
Burkina Faso,2013,3.647667554
Burkina Faso,2014,2.562551392
Burkina Faso,2015,1.959927164
Burkina Faso,2016,3.043803422
Burkina Faso,2017,0.018237033
Burkina Faso,2018,1.689199557
Burkina Faso,2019,1.007346446
Burkina Faso,2020,-0.550797503
Burkina Faso,2021,0.695992838
Burundi,1990,0.11089421
Burundi,1991,0.076452053
Burundi,1992,0.055407891
Burundi,1993,0.050464886
Burundi,1994,4.28E-04
Burundi,1995,0.198107378
Burundi,1996,0
Burundi,1997,0
Burundi,1998,0
Burundi,1999,-0.058805185
Burundi,2000,1.342151992
Burundi,2001,-0.001304856
Burundi,2002,0
Burundi,2003,0
Burundi,2004,0.004882857
Burundi,2005,0.052340423
Burundi,2006,0.002481106
Burundi,2007,0.036885808
Burundi,2008,0.23781629
Burundi,2009,0.019557301
Burundi,2010,0.038411912
Burundi,2011,0.150056708
Burundi,2012,0.025925039
Burundi,2013,4.761250541
Burundi,2014,3.021202699
Burundi,2015,1.598672939
Burundi,2016,0.002099796
Burundi,2017,0.01166798
Burundi,2018,0.036981256
Burundi,2019,0.040556948
Burundi,2020,0.319811026
Burundi,2021,0.284120849
Cameroon,1990,-0.916249145
Cameroon,1991,-0.122447752
Cameroon,1992,0.24191782
Cameroon,1993,0.031644989
Cameroon,1994,0.041273156
Cameroon,1995,0.139033988
Cameroon,1996,0.941242049
Cameroon,1997,1.386672981
Cameroon,1998,0.488852786
Cameroon,1999,0.302700366
Cameroon,2000,1.511444782
Cameroon,2001,-0.106526709
Cameroon,2002,4.068984432
Cameroon,2003,2.096943737
Cameroon,2004,0.361118019
Cameroon,2005,1.248608401
Cameroon,2006,0.282739542
Cameroon,2007,0.792290636
Cameroon,2008,0.075754661
Cameroon,2009,2.671669371
Cameroon,2010,1.949524017
Cameroon,2011,2.132703795
Cameroon,2012,1.748840346
Cameroon,2013,1.622967984
Cameroon,2014,1.994843156
Cameroon,2015,2.155640218
Cameroon,2016,1.963349385
Cameroon,2017,2.256209564
Cameroon,2018,1.913981821
Cameroon,2019,2.583196349
Cameroon,2020,1.655956133
Cameroon,2021,2.125205086
Central African Republic,1990,0.048437881
Central African Republic,1991,-0.353864316
Central African Republic,1992,-0.756175026
Central African Republic,1993,-0.780440981
Central African Republic,1994,0.423212354
Central African Republic,1995,0.555910237
Central African Republic,1996,1.084111039
Central African Republic,1997,0.159684097
Central African Republic,1998,0.754709452
Central African Republic,1999,0.598007105
Central African Republic,2000,0.096978287
Central African Republic,2001,0.555825508
Central African Republic,2002,0.56665664
Central African Republic,2003,0.989218764
Central African Republic,2004,1.186770485
Central African Republic,2005,0.754917643
Central African Republic,2006,2.371636407
Central African Republic,2007,3.338605764
Central African Republic,2008,5.874863339
Central African Republic,2009,2.045098815
Central African Republic,2010,2.871289444
Central African Republic,2011,1.513893174
Central African Republic,2012,2.790104473
Central African Republic,2013,0.109532616
Central African Republic,2014,0.183395774
Central African Republic,2015,0.176904972
Central African Republic,2016,0.397590036
Central African Republic,2017,0.332412579
Central African Republic,2018,0.810612601
Central African Republic,2019,1.152529651
Central African Republic,2020,1.493397689
Central African Republic,2021,1.199054131
Chad,1990,0.540663174
Chad,1991,0.225850599
Chad,1992,0.104193926
Chad,1993,1.036110757
Chad,1994,2.294781148
Chad,1995,2.255420132
Chad,1996,2.4553635
Chad,1997,2.867497994
Chad,1998,1.243509246
Chad,1999,1.598057794
Chad,2000,8.294696694
Chad,2001,26.87951465
Chad,2002,46.27523948
Chad,2003,25.98291917
Chad,2004,10.55411932
Chad,2005,-1.494028152
Chad,2006,-3.747814989
Chad,2007,-3.718495559
Chad,2008,4.484687437
Chad,2009,4.035205516
Chad,2010,2.933979994
Chad,2011,2.315912189
Chad,2012,4.688089172
Chad,2013,4.015897833
Chad,2014,-4.845829959
Chad,2015,5.110702989
Chad,2016,2.42312826
Chad,2017,3.633672746
Chad,2018,4.100753247
Chad,2019,5.007877902
Chad,2020,5.204590631
Chad,2021,4.772212579
Comoros,1990,0.091476453
Comoros,1991,0.590924629
Comoros,1992,-0.316356418
Comoros,1993,0.042109206
Comoros,1994,0.055676771
Comoros,1995,0.223239729
Comoros,1996,0.128770385
Comoros,1997,0.005487788
Comoros,1998,0.103812285
Comoros,1999,0.070858011
Comoros,2000,0.02666658
Comoros,2001,0.302742049
Comoros,2002,0.101046749
Comoros,2003,0.145047582
Comoros,2004,0.106131269
Comoros,2005,0.085473728
Comoros,2006,0.111452569
Comoros,2007,0.966722014
Comoros,2008,0.507893569
Comoros,2009,1.528661221
Comoros,2010,0.919669867
Comoros,2011,2.259676741
Comoros,2012,1.021338307
Comoros,2013,0.37910346
Comoros,2014,0.407499043
Comoros,2015,0.51102987
Comoros,2016,0.352458387
Comoros,2017,0.363776568
Comoros,2018,0.477150042
Comoros,2019,0.359894023
Comoros,2020,0.316385466
Comoros,2021,0.310531932
Democratic Republic of the Congo,1990,-0.1546563
Democratic Republic of the Congo,1991,0.1286082
Democratic Republic of the Congo,1992,-0.008873006
Democratic Republic of the Congo,1993,0.064168148
Democratic Republic of the Congo,1994,-0.025771503
Democratic Republic of the Congo,1995,-0.396035086
Democratic Republic of the Congo,1996,0.429527739
Democratic Republic of the Congo,1997,-0.728142522
Democratic Republic of the Congo,1998,0.986360739
Democratic Republic of the Congo,1999,0.236879335
Democratic Republic of the Congo,2000,0.493452281
Democratic Republic of the Congo,2001,1.374284769
Democratic Republic of the Congo,2002,2.149379761
Democratic Republic of the Congo,2003,4.377642382
Democratic Republic of the Congo,2004,3.97216286
Democratic Republic of the Congo,2005,1.504452594
Democratic Republic of the Congo,2006,1.772085029
Democratic Republic of the Congo,2007,10.80236746
Democratic Republic of the Congo,2008,8.726273415
Democratic Republic of the Congo,2009,-1.304135197
Democratic Republic of the Congo,2010,12.71601409
Democratic Republic of the Congo,2011,6.176624593
Democratic Republic of the Congo,2012,9.866868697
Democratic Republic of the Congo,2013,5.194611572
Democratic Republic of the Congo,2014,4.176029605
Democratic Republic of the Congo,2015,3.074342219
Democratic Republic of the Congo,2016,2.510784143
Democratic Republic of the Congo,2017,2.756443254
Democratic Republic of the Congo,2018,2.959042576
Democratic Republic of the Congo,2019,2.609314437
Democratic Republic of the Congo,2020,3.075078538
Democratic Republic of the Congo,2021,3.030974583
Djibouti,1990,0.013264708
Djibouti,1991,0.495241665
Djibouti,1992,0.479043326
Djibouti,1993,0.305457426
Djibouti,1994,0.289528343
Djibouti,1995,0.646649182
Djibouti,1996,0.660629876
Djibouti,1997,0.616772634
Djibouti,1998,0.61709349
Djibouti,1999,0.599332233
Djibouti,2000,0.596129446
Djibouti,2001,0.592742007
Djibouti,2002,0.580649337
Djibouti,2003,2.286739804
Djibouti,2004,5.786694826
Djibouti,2005,3.133262929
Djibouti,2006,14.08394014
Djibouti,2007,23.03889364
Djibouti,2008,22.78584382
Djibouti,2009,9.232551529
Djibouti,2010,3.234153297
Djibouti,2011,6.375384839
Djibouti,2012,8.126150917
Djibouti,2013,14.0004927
Djibouti,2014,6.908370613
Djibouti,2015,5.932712166
Djibouti,2016,6.142062351
Djibouti,2017,5.970135971
Djibouti,2018,5.834973097
Djibouti,2019,5.665500402
Djibouti,2020,4.974111026
Djibouti,2021,4.787560582
Equatorial Guinea,1990,9.876772457
Equatorial Guinea,1991,37.26105619
Equatorial Guinea,1992,4.467705406
Equatorial Guinea,1993,16.39251783
Equatorial Guinea,1994,16.85947721
Equatorial Guinea,1995,89.4756129
Equatorial Guinea,1996,161.8237506
Equatorial Guinea,1997,12.08386941
Equatorial Guinea,1998,74.12389917
Equatorial Guinea,1999,24.84168907
Equatorial Guinea,2000,14.77053652
Equatorial Guinea,2001,64.38410045
Equatorial Guinea,2002,17.89914523
Equatorial Guinea,2003,27.76057529
Equatorial Guinea,2004,7.729147203
Equatorial Guinea,2005,9.360005331
Equatorial Guinea,2006,4.654782916
Equatorial Guinea,2007,9.507021305
Equatorial Guinea,2008,-4.019628417
Equatorial Guinea,2009,10.88795533
Equatorial Guinea,2010,16.75815801
Equatorial Guinea,2011,9.247404179
Equatorial Guinea,2012,4.400755732
Equatorial Guinea,2013,2.655943664
Equatorial Guinea,2014,0.771291881
Equatorial Guinea,2015,1.769558445
Equatorial Guinea,2016,0.480381904
Equatorial Guinea,2017,2.498397077
Equatorial Guinea,2018,3.024184493
Equatorial Guinea,2019,3.979952366
Equatorial Guinea,2020,5.246920013
Equatorial Guinea,2021,4.002569121
Eritrea,1990,NA
Eritrea,1991,NA
Eritrea,1992,2.10E-06
Eritrea,1993,2.14E-06
Eritrea,1994,1.88E-06
Eritrea,1995,NA
Eritrea,1996,5.287331825
Eritrea,1997,5.94284422
Eritrea,1998,0.006102171
Eritrea,1999,12.08005861
Eritrea,2000,3.94553485
Eritrea,2001,1.612458054
Eritrea,2002,3.121554755
Eritrea,2003,2.872720768
Eritrea,2004,2.173353568
Eritrea,2005,0.130327753
Eritrea,2006,1.269492539
Eritrea,2007,0.546786303
Eritrea,2008,2.825700368
Eritrea,2009,4.901180484
Eritrea,2010,5.72501514
Eritrea,2011,1.888618368
Eritrea,2012,NA
Eritrea,2013,NA
Eritrea,2014,NA
Eritrea,2015,NA
Eritrea,2016,NA
Eritrea,2017,NA
Eritrea,2018,NA
Eritrea,2019,NA
Eritrea,2020,NA
Eritrea,2021,NA
Ethiopia,1990,0
Ethiopia,1991,0
Ethiopia,1992,0.001620129
Ethiopia,1993,0.0396344
Ethiopia,1994,0.248414013
Ethiopia,1995,0.184499328
Ethiopia,1996,0.256553049
Ethiopia,1997,3.358748398
Ethiopia,1998,3.334132788
Ethiopia,1999,0.908732804
Ethiopia,2000,1.633506368
Ethiopia,2001,4.244759583
Ethiopia,2002,3.2480727
Ethiopia,2003,5.392122513
Ethiopia,2004,5.380415799
Ethiopia,2005,2.137800937
Ethiopia,2006,3.568235274
Ethiopia,2007,1.126470925
Ethiopia,2008,0.400997134
Ethiopia,2009,0.682729367
Ethiopia,2010,0.963030625
Ethiopia,2011,1.967356639
Ethiopia,2012,0.643172898
Ethiopia,2013,2.820412334
Ethiopia,2014,3.335691111
Ethiopia,2015,4.066488561
Ethiopia,2016,5.576212728
Ethiopia,2017,4.912707176
Ethiopia,2018,3.987712538
Ethiopia,2019,2.657360635
Ethiopia,2020,2.225385751
Ethiopia,2021,3.82798887
Gabon,1990,1.234110823
Gabon,1991,-1.010365399
Gabon,1992,2.269871503
Gabon,1993,-2.597049741
Gabon,1994,-2.376692874
Gabon,1995,-3.942388289
Gabon,1996,-5.007209261
Gabon,1997,-2.153485033
Gabon,1998,2.957693889
Gabon,1999,1.918355874
Gabon,2000,5.473125421
Gabon,2001,-2.002988966
Gabon,2002,0.021754642
Gabon,2003,1.530522552
Gabon,2004,4.040693997
Gabon,2005,3.403623635
Gabon,2006,2.593100344
Gabon,2007,5.257222157
Gabon,2008,4.45376476
Gabon,2009,5.247570723
Gabon,2010,3.645404456
Gabon,2011,6.169785117
Gabon,2012,3.944723419
Gabon,2013,1.841538567
Gabon,2014,6.938646821
Gabon,2015,0.289976987
Gabon,2016,8.868153591
Gabon,2017,8.801569497
Gabon,2018,8.175989389
Gabon,2019,9.204098355
Gabon,2020,11.20835062
Gabon,2021,8.086446417
Ghana,1990,0.251308552
Ghana,1991,0.303188963
Ghana,1992,0.350800517
Ghana,1993,2.095116345
Ghana,1994,4.27950048
Ghana,1995,1.647296722
Ghana,1996,1.730357096
Ghana,1997,1.187002423
Ghana,1998,2.237678076
Ghana,1999,3.156999582
Ghana,2000,3.329303379
Ghana,2001,1.680555283
Ghana,2002,0.955673775
Ghana,2003,1.791715353
Ghana,2004,1.568114186
Ghana,2005,1.349226451
Ghana,2006,3.111458973
Ghana,2007,5.571075269
Ghana,2008,9.466663986
Ghana,2009,9.108300623
Ghana,2010,7.849577869
Ghana,2011,8.255743982
Ghana,2012,7.982660011
Ghana,2013,5.1366502
Ghana,2014,6.139493623
Ghana,2015,6.461328184
Ghana,2016,6.205506347
Ghana,2017,5.388486852
Ghana,2018,4.441407055
Ghana,2019,5.677452823
Ghana,2020,2.678037209
Ghana,2021,3.367245401
Guinea,1990,0.669728899
Guinea,1991,1.285879018
Guinea,1992,0.599460417
Guinea,1993,0.082949676
Guinea,1994,0.006207338
Guinea,1995,0.020819173
Guinea,1996,0.614479059
Guinea,1997,0.457250783
Guinea,1998,0.496324872
Guinea,1999,1.833205646
Guinea,2000,0.331913233
Guinea,2001,0.059269764
Guinea,2002,1.016880677
Guinea,2003,2.291232724
Guinea,2004,2.692920574
Guinea,2005,3.574989252
Guinea,2006,2.962071801
Guinea,2007,6.143028628
Guinea,2008,5.483489
Guinea,2009,1.355237358
Guinea,2010,0
Guinea,2011,14.09050364
Guinea,2012,7.928206496
Guinea,2013,0.00226822
Guinea,2014,-0.840221283
Guinea,2015,0.605767934
Guinea,2016,18.82800865
Guinea,2017,5.594271749
Guinea,2018,2.97511257
Guinea,2019,0.330286823
Guinea,2020,1.243842871
Guinea,2021,1.228015392
Guinea-Bissau,1990,0.827997818
Guinea-Bissau,1991,0.81275398
Guinea-Bissau,1992,2.576073212
Guinea-Bissau,1993,1.393105561
Guinea-Bissau,1994,0.182497208
Guinea-Bissau,1995,0.015750083
Guinea-Bissau,1996,0.380889298
Guinea-Bissau,1997,4.274461416
Guinea-Bissau,1998,2.134646235
Guinea-Bissau,1999,0.325634875
Guinea-Bissau,2000,0.189242619
Guinea-Bissau,2001,0.100762111
Guinea-Bissau,2002,0.848539281
Guinea-Bissau,2003,0.838921678
Guinea-Bissau,2004,0.36003887
Guinea-Bissau,2005,1.480756025
Guinea-Bissau,2006,3.019608313
Guinea-Bissau,2007,2.69333137
Guinea-Bissau,2008,0.763697295
Guinea-Bissau,2009,2.275580973
Guinea-Bissau,2010,3.087523962
Guinea-Bissau,2011,2.275288507
Guinea-Bissau,2012,0.669676525
Guinea-Bissau,2013,1.877443841
Guinea-Bissau,2014,2.735074394
Guinea-Bissau,2015,1.772083037
Guinea-Bissau,2016,1.206246005
Guinea-Bissau,2017,1.162158478
Guinea-Bissau,2018,1.366702549
Guinea-Bissau,2019,4.977547013
Guinea-Bissau,2020,1.466010181
Guinea-Bissau,2021,1.453462526
Kenya,1990,0.665873829
Kenya,1991,0.231013008
Kenya,1992,0.077512889
Kenya,1993,2.532351134
Kenya,1994,0.103976797
Kenya,1995,0.467474289
Kenya,1996,0.902160126
Kenya,1997,0.473451365
Kenya,1998,0.188365603
Kenya,1999,0.402864464
Kenya,2000,0.872895972
Kenya,2001,0.040833358
Kenya,2002,0.210062253
Kenya,2003,0.548412532
Kenya,2004,0.286194264
Kenya,2005,0.113202055
Kenya,2006,0.196219537
Kenya,2007,2.281243174
Kenya,2008,0.266291327
Kenya,2009,0.274534231
Kenya,2010,0.392164525
Kenya,2011,3.094712079
Kenya,2012,2.447259352
Kenya,2013,1.814170815
Kenya,2014,1.202208917
Kenya,2015,0.883800359
Kenya,2016,0.627591458
Kenya,2017,1.640851105
Kenya,2018,0.832686432
Kenya,2019,0.468162589
Kenya,2020,0.423482498
Kenya,2021,0.419901404
Lesotho,1990,2.762959286
Lesotho,1991,1.134407201
Lesotho,1992,1.007158246
Lesotho,1993,1.873153943
Lesotho,1994,4.926620642
Lesotho,1995,2.412879506
Lesotho,1996,3.072934212
Lesotho,1997,3.274123864
Lesotho,1998,3.053486876
Lesotho,1999,2.414323809
Lesotho,2000,3.651798841
Lesotho,2001,3.596348
Lesotho,2002,3.659599267
Lesotho,2003,3.795558364
Lesotho,2004,3.683701392
Lesotho,2005,1.631137039
Lesotho,2006,1.351158889
Lesotho,2007,4.495555283
Lesotho,2008,0.623150028
Lesotho,2009,5.247469672
Lesotho,2010,0.425678411
Lesotho,2011,2.371590482
Lesotho,2012,2.286531207
Lesotho,2013,2.130402212
Lesotho,2014,3.869602691
Lesotho,2015,8.751503436
Lesotho,2016,3.747327772
Lesotho,2017,1.828066899
Lesotho,2018,1.600710292
Lesotho,2019,1.456107273
Lesotho,2020,1.254996632
Lesotho,2021,-0.495654043
Liberia,1990,NA
Liberia,1991,NA
Liberia,1992,NA
Liberia,1993,NA
Liberia,1994,NA
Liberia,1995,NA
Liberia,1996,NA
Liberia,1997,NA
Liberia,1998,NA
Liberia,1999,NA
Liberia,2000,2.3798627
Liberia,2001,0.91611479
Liberia,2002,0.302049612
Liberia,2003,49.76203209
Liberia,2004,8.400416014
Liberia,2005,8.725196147
Liberia,2006,9.63866591
Liberia,2007,9.587593707
Liberia,2008,16.42735095
Liberia,2009,7.228700482
Liberia,2010,103.3373871
Liberia,2011,86.98944676
Liberia,2012,82.74715778
Liberia,2013,62.90685386
Liberia,2014,15.55874064
Liberia,2015,7.210237816
Liberia,2016,9.171903326
Liberia,2017,7.309485784
Liberia,2018,3.772684939
Liberia,2019,2.611211949
Liberia,2020,2.860542783
Liberia,2021,1.301795383
Madagascar,1990,0.569459514
Madagascar,1991,0.420351638
Madagascar,1992,0.568843602
Madagascar,1993,0.377944678
Madagascar,1994,0.16262717
Madagascar,1995,0.252994068
Madagascar,1996,0.206045777
Madagascar,1997,0.328537068
Madagascar,1998,0.377908965
Madagascar,1999,1.364810639
Madagascar,2000,1.791923807
Madagascar,2001,1.711171943
Madagascar,2002,0.273965167
Madagascar,2003,0.202025729
Madagascar,2004,1.044689838
Madagascar,2005,1.458008013
Madagascar,2006,4.607492074
Madagascar,2007,9.260115473
Madagascar,2008,10.57793056
Madagascar,2009,13.44854256
Madagascar,2010,9.138671338
Madagascar,2011,7.05979215
Madagascar,2012,7.036805439
Madagascar,2013,4.554645379
Madagascar,2014,2.977511274
Madagascar,2015,2.897277242
Madagascar,2016,4.564608079
Madagascar,2017,3.52797151
Madagascar,2018,4.447928047
Madagascar,2019,3.362798349
Madagascar,2020,2.746571354
Madagascar,2021,2.470437815
Malawi,1990,1.238853274
Malawi,1991,-1.302446228
Malawi,1992,-0.394550292
Malawi,1993,0.386354549
Malawi,1994,2.114787865
Malawi,1995,0.403807904
Malawi,1996,0.692565749
Malawi,1997,0.558295259
Malawi,1998,0.691439461
Malawi,1999,3.295652375
Malawi,2000,1.491247431
Malawi,2001,1.124378614
Malawi,2002,0.16877643
Malawi,2003,2.053255695
Malawi,2004,3.10150872
Malawi,2005,3.821111993
Malawi,2006,0.889485355
Malawi,2007,2.806009825
Malawi,2008,3.672720154
Malawi,2009,0.793560945
Malawi,2010,1.393898846
Malawi,2011,10.15431903
Malawi,2012,-0.147399751
Malawi,2013,8.178513462
Malawi,2014,9.889302048
Malawi,2015,4.514939411
Malawi,2016,2.12956276
Malawi,2017,1.008548773
Malawi,2018,0.779423469
Malawi,2019,0.50091585
Malawi,2020,0.371348227
Malawi,2021,0.367577809
Mali,1990,0.213642953
Mali,1991,0.044242243
Mali,1992,-0.772766549
Mali,1993,0.144104544
Mali,1994,0.836613058
Mali,1995,4.117231216
Mali,1996,0.978604388
Mali,1997,2.757051329
Mali,1998,0.327244503
Mali,1999,0.900941163
Mali,2000,2.037208497
Mali,2001,6.025897105
Mali,2002,-0.316548662
Mali,2003,1.538330225
Mali,2004,1.558288124
Mali,2005,2.565531115
Mali,2006,2.147824203
Mali,2007,2.529738289
Mali,2008,2.719050628
Mali,2009,6.344938133
Mali,2010,3.479526121
Mali,2011,4.285271525
Mali,2012,3.197567277
Mali,2013,2.325364994
Mali,2014,1.003936329
Mali,2015,2.102483715
Mali,2016,2.541532543
Mali,2017,3.649342604
Mali,2018,2.737385338
Mali,2019,4.971522344
Mali,2020,3.073803238
Mali,2021,3.343410303
Mauritania,1990,0.447020779
Mauritania,1991,0.106378803
Mauritania,1992,0.34881625
Mauritania,1993,0.871081973
Mauritania,1994,0.106932672
Mauritania,1995,0.33414321
Mauritania,1996,-0.020427921
Mauritania,1997,-0.160710337
Mauritania,1998,0.006526596
Mauritania,1999,0.761331101
Mauritania,2000,2.253187637
Mauritania,2001,4.392735228
Mauritania,2002,3.789427799
Mauritania,2003,4.970775932
Mauritania,2004,17.10484024
Mauritania,2005,27.65203618
Mauritania,2006,3.944344679
Mauritania,2007,3.206769223
Mauritania,2008,6.583584405
Mauritania,2009,-0.065160338
Mauritania,2010,2.318904272
Mauritania,2011,8.70334474
Mauritania,2012,20.6013054
Mauritania,2013,15.58901996
Mauritania,2014,7.623617042
Mauritania,2015,8.135857773
Mauritania,2016,4.23731695
Mauritania,2017,8.65007233
Mauritania,2018,10.34167724
Mauritania,2019,-10.95397074
Mauritania,2020,11.03940559
Mauritania,2021,10.70654077
Mozambique,1990,NA
Mozambique,1991,0.619253659
Mozambique,1992,0.958350311
Mozambique,1993,1.172354164
Mozambique,1994,1.251542088
Mozambique,1995,1.551765425
Mozambique,1996,1.879796799
Mozambique,1997,1.385294144
Mozambique,1998,4.462489849
Mozambique,1999,6.386779435
Mozambique,2000,2.462665055
Mozambique,2001,4.731541136
Mozambique,2002,6.116833404
Mozambique,2003,5.341543831
Mozambique,2004,6.231241804
Mozambique,2005,1.433068963
Mozambique,2006,2.736675232
Mozambique,2007,3.987136127
Mozambique,2008,5.108230687
Mozambique,2009,7.806476418
Mozambique,2010,11.33266917
Mozambique,2011,25.47664541
Mozambique,2012,34.46370265
Mozambique,2013,39.45620334
Mozambique,2014,28.21616393
Mozambique,2015,24.25152905
Mozambique,2016,26.20549649
Mozambique,2017,17.54336326
Mozambique,2018,11.30357493
Mozambique,2019,21.95789811
Mozambique,2020,22.72425076
Mozambique,2021,33.56453774
Namibia,1990,1.059779675
Namibia,1991,4.019167755
Namibia,1992,3.447467658
Namibia,1993,1.699895658
Namibia,1994,2.672246756
Namibia,1995,3.846060687
Namibia,1996,3.226050783
Namibia,1997,2.189505398
Namibia,1998,2.48463566
Namibia,1999,1.320987313
Namibia,2000,5.006077223
Namibia,2001,10.66350346
Namibia,2002,4.405124502
Namibia,2003,1.321653638
Namibia,2004,3.382578084
Namibia,2005,5.37844358
Namibia,2006,7.625776144
Namibia,2007,7.57034788
Namibia,2008,8.718309346
Namibia,2009,9.274714181
Namibia,2010,2.515270424
Namibia,2011,6.416791248
Namibia,2012,7.986158715
Namibia,2013,6.4523442
Namibia,2014,3.583171207
Namibia,2015,7.400668496
Namibia,2016,3.34571188
Namibia,2017,2.175057338
Namibia,2018,1.712992678
Namibia,2019,-1.407106309
Namibia,2020,-1.419189581
Namibia,2021,5.272833453
Niger,1990,1.161884875
Niger,1991,0.342091114
Niger,1992,1.665275771
Niger,1993,-1.118922621
Niger,1994,0.210312273
Niger,1995,0.097014894
Niger,1996,0.358757856
Niger,1997,0.827804577
Niger,1998,-0.066754008
Niger,1999,0.063254584
Niger,2000,0.703342943
Niger,2001,0.922420863
Niger,2002,0.281340726
Niger,2003,0.545924442
Niger,2004,0.649159704
Niger,2005,1.135067623
Niger,2006,0.84749749
Niger,2007,1.728586349
Niger,2008,3.87903108
Niger,2009,8.62089018
Niger,2010,10.14669069
Niger,2011,12.16450547
Niger,2012,8.92367847
Niger,2013,7.035165291
Niger,2014,7.575911354
Niger,2015,5.46761766
Niger,2016,2.89774471
Niger,2017,3.028230749
Niger,2018,3.638493439
Niger,2019,5.552201672
Niger,2020,2.624046789
Niger,2021,3.98812655
Nigeria,1990,1.08795099
Nigeria,1991,1.450317769
Nigeria,1992,1.87601773
Nigeria,1993,4.847790004
Nigeria,1994,5.790847305
Nigeria,1995,0.762195576
Nigeria,1996,0.977520982
Nigeria,1997,0.862276325
Nigeria,1998,0.548616188
Nigeria,1999,1.692557514
Nigeria,2000,1.641739329
Nigeria,2001,1.635526231
Nigeria,2002,1.971583402
Nigeria,2003,1.914620097
Nigeria,2004,1.38037404
Nigeria,2005,2.836294592
Nigeria,2006,2.035753057
Nigeria,2007,2.169195666
Nigeria,2008,2.413739613
Nigeria,2009,2.900249401
Nigeria,2010,1.642073195
Nigeria,2011,2.133118402
Nigeria,2012,1.523782396
Nigeria,2013,1.069539399
Nigeria,2014,0.817478379
Nigeria,2015,0.621501511
Nigeria,2016,0.853395904
Nigeria,2017,0.64218292
Nigeria,2018,0.183821514
Nigeria,2019,0.514393407
Nigeria,2020,0.551893461
Nigeria,2021,0.751578401
Rwanda,1990,0.300370292
Rwanda,1991,0.239589751
Rwanda,1992,0.271065925
Rwanda,1993,0.29621724
Rwanda,1994,1.33E-04
Rwanda,1995,0.154615065
Rwanda,1996,0.160597843
Rwanda,1997,0.139882168
Rwanda,1998,0.356901657
Rwanda,1999,0.080715966
Rwanda,2000,0.391762379
Rwanda,2001,0.941235872
Rwanda,2002,0.076342385
Rwanda,2003,0.219918359
Rwanda,2004,0.324159088
Rwanda,2005,0.271455482
Rwanda,2006,0.923537523
Rwanda,2007,2.022581494
Rwanda,2008,1.97576661
Rwanda,2009,2.092357631
Rwanda,2010,3.531675494
Rwanda,2011,1.629433917
Rwanda,2012,3.524076954
Rwanda,2013,2.990846117
Rwanda,2014,3.813068977
Rwanda,2015,1.898064831
Rwanda,2016,3.218861397
Rwanda,2017,2.961535753
Rwanda,2018,3.797713971
Rwanda,2019,2.541174409
Rwanda,2020,1.498516736
Rwanda,2021,1.914085861
Senegal,1990,0.769765912
Senegal,1991,-0.104067675
Senegal,1992,0.275210566
Senegal,1993,-0.011024101
Senegal,1994,1.328335773
Senegal,1995,0.500667536
Senegal,1996,0.212746498
Senegal,1997,2.959708259
Senegal,1998,1.092992631
Senegal,1999,2.4524643
Senegal,2000,1.357744568
Senegal,2001,0.69275728
Senegal,2002,1.180244362
Senegal,2003,0.986458241
Senegal,2004,1.365346549
Senegal,2005,1.525513055
Senegal,2006,2.477708259
Senegal,2007,2.511456581
Senegal,2008,2.704047149
Senegal,2009,2.052995258
Senegal,2010,1.687783497
Senegal,2011,1.901069859
Senegal,2012,1.563680079
Senegal,2013,1.64581755
Senegal,2014,2.036131088
Senegal,2015,2.301949354
Senegal,2016,2.481103144
Senegal,2017,2.801853565
Senegal,2018,3.667626947
Senegal,2019,4.553491203
Senegal,2020,7.535426476
Senegal,2021,8.079177813
Sierra Leone,1990,4.992681776
Sierra Leone,1991,0.962133785
Sierra Leone,1992,-0.82339219
Sierra Leone,1993,-0.970708087
Sierra Leone,1994,-0.31518119
Sierra Leone,1995,0.836862793
Sierra Leone,1996,0.070499967
Sierra Leone,1997,0.211714175
Sierra Leone,1998,0.015599153
Sierra Leone,1999,0.079655501
Sierra Leone,2000,6.133420204
Sierra Leone,2001,0.901974622
Sierra Leone,2002,0.830852374
Sierra Leone,2003,0.621661643
Sierra Leone,2004,4.2217306
Sierra Leone,2005,5.497242011
Sierra Leone,2006,3.122845624
Sierra Leone,2007,4.422993265
Sierra Leone,2008,2.119175541
Sierra Leone,2009,4.500191915
Sierra Leone,2010,9.247547614
Sierra Leone,2011,32.3011956
Sierra Leone,2012,19.00245956
Sierra Leone,2013,8.732410791
Sierra Leone,2014,7.479119148
Sierra Leone,2015,5.98370116
Sierra Leone,2016,3.769175885
Sierra Leone,2017,11.12351219
Sierra Leone,2018,6.130698063
Sierra Leone,2019,8.399200369
Sierra Leone,2020,4.250230769
Sierra Leone,2021,5.251773891
Somalia,1990,0.609567099
Somalia,1991,NA
Somalia,1992,NA
Somalia,1993,NA
Somalia,1994,NA
Somalia,1995,NA
Somalia,1996,NA
Somalia,1997,NA
Somalia,1998,NA
Somalia,1999,NA
Somalia,2000,NA
Somalia,2001,NA
Somalia,2002,NA
Somalia,2003,NA
Somalia,2004,NA
Somalia,2005,NA
Somalia,2006,NA
Somalia,2007,NA
Somalia,2008,NA
Somalia,2009,NA
Somalia,2010,NA
Somalia,2011,NA
Somalia,2012,NA
Somalia,2013,5.636880052
Somalia,2014,5.194029859
Somalia,2015,5.679475164
Somalia,2016,5.963136971
Somalia,2017,6.578712783
Somalia,2018,6.967213107
Somalia,2019,6.892829607
Somalia,2020,6.741246549
Somalia,2021,5.971421071
South Africa,1990,-0.060074196
South Africa,1991,0.187962493
South Africa,1992,0.002285037
South Africa,1993,0.007670383
South Africa,1994,0.243895536
South Africa,1995,0.72694751
South Africa,1996,0.500125796
South Africa,1997,2.255071106
South Africa,1998,0.359739477
South Africa,1999,0.992190195
South Africa,2000,0.638424939
South Africa,2001,5.368357146
South Africa,2002,1.146352158
South Africa,2003,0.39749017
South Africa,2004,0.274200088
South Africa,2005,2.257808804
South Africa,2006,0.205124054
South Africa,2007,1.977567546
South Africa,2008,3.126857438
South Africa,2009,2.312181798
South Africa,2010,0.884901953
South Africa,2011,0.903377443
South Africa,2012,1.064922495
South Africa,2013,2.053580952
South Africa,2014,1.519327438
South Africa,2015,0.438735792
South Africa,2016,0.684612553
South Africa,2017,0.539673957
South Africa,2018,1.378035088
South Africa,2019,1.316776751
South Africa,2020,0.934054723
South Africa,2021,9.855527118
South Sudan,1990,NA
South Sudan,1991,NA
South Sudan,1992,NA
South Sudan,1993,NA
South Sudan,1994,NA
South Sudan,1995,NA
South Sudan,1996,NA
South Sudan,1997,NA
South Sudan,1998,NA
South Sudan,1999,NA
South Sudan,2000,NA
South Sudan,2001,NA
South Sudan,2002,NA
South Sudan,2003,NA
South Sudan,2004,NA
South Sudan,2005,NA
South Sudan,2006,NA
South Sudan,2007,NA
South Sudan,2008,NA
South Sudan,2009,NA
South Sudan,2010,NA
South Sudan,2011,NA
South Sudan,2012,1.349372464
South Sudan,2013,-4.303591748
South Sudan,2014,0.007418779
South Sudan,2015,0.001250229
South Sudan,2016,NA
South Sudan,2017,NA
South Sudan,2018,NA
South Sudan,2019,NA
South Sudan,2020,NA
South Sudan,2021,NA
Sudan,1990,-0.092535282
Sudan,1991,-0.001412581
Sudan,1992,0.00127946
Sudan,1993,-0.001801439
Sudan,1994,0.775195475
Sudan,1995,0.086769497
Sudan,1996,0.004435454
Sudan,1997,0.838077686
Sudan,1998,3.295015047
Sudan,1999,3.471245356
Sudan,2000,3.199694989
Sudan,2001,3.652215113
Sudan,2002,3.932217718
Sudan,2003,6.317740891
Sudan,2004,5.671015852
Sudan,2005,4.438875896
Sudan,2006,4.069045324
Sudan,2007,2.530915715
Sudan,2008,2.549854944
Sudan,2009,2.96023859
Sudan,2010,2.783139545
Sudan,2011,2.212119102
Sudan,2012,3.657635049
Sudan,2013,2.556369967
Sudan,2014,1.628883277
Sudan,2015,2.033736207
Sudan,2016,1.033348427
Sudan,2017,0.821243068
Sudan,2018,3.512695239
Sudan,2019,2.552269688
Sudan,2020,2.65193447
Sudan,2021,1.523243969
Tanzania,1990,2.35E-04
Tanzania,1991,2.02E-04
Tanzania,1992,0.264476121
Tanzania,1993,0.480488362
Tanzania,1994,1.108459134
Tanzania,1995,2.282237875
Tanzania,1996,2.310065686
Tanzania,1997,2.054764377
Tanzania,1998,1.404237523
Tanzania,1999,4.064919874
Tanzania,2000,3.46442642
Tanzania,2001,4.044211007
Tanzania,2002,2.797101915
Tanzania,2003,2.091407706
Tanzania,2004,2.653759399
Tanzania,2005,5.084614661
Tanzania,2006,2.161114459
Tanzania,2007,2.662169681
Tanzania,2008,4.947011546
Tanzania,2009,3.275688379
Tanzania,2010,5.663728305
Tanzania,2011,3.547208331
Tanzania,2012,4.538770279
Tanzania,2013,4.569257822
Tanzania,2014,2.834169964
Tanzania,2015,3.17870257
Tanzania,2016,1.735926213
Tanzania,2017,1.758605801
Tanzania,2018,1.704410602
Tanzania,2019,1.991000159
Tanzania,2020,1.097405659
Tanzania,2021,1.358803511
Togo,1990,1.120074231
Togo,1991,0.404407009
Togo,1992,-0.774358714
Togo,1993,-1.505954466
Togo,1994,-0.332320523
Togo,1995,-0.596716767
Togo,1996,0.153804363
Togo,1997,0.817929779
Togo,1998,0.700298687
Togo,1999,0.957027947
Togo,2000,3.540361003
Togo,2001,4.898529519
Togo,2002,3.387025942
Togo,2003,2.163381506
Togo,2004,3.538404522
Togo,2005,4.207947387
Togo,2006,3.886602318
Togo,2007,2.343818568
Togo,2008,1.531206852
Togo,2009,1.370256085
Togo,2010,3.646756262
Togo,2011,18.81778042
Togo,2012,3.137151844
Togo,2013,4.248354417
Togo,2014,1.180775985
Togo,2015,6.167622343
Togo,2016,-0.767757886
Togo,2017,1.384709237
Togo,2018,-2.54453891
Togo,2019,4.787792567
Togo,2020,-0.781645644
Togo,2021,1.543827631
Uganda,1990,-0.137301402
Uganda,1991,0.030104803
Uganda,1992,0.104988425
Uganda,1993,1.695421005
Uganda,1994,2.210287867
Uganda,1995,2.105695143
Uganda,1996,2.001791578
Uganda,1997,2.791365385
Uganda,1998,3.189155246
Uganda,1999,2.337226332
Uganda,2000,2.59476175
Uganda,2001,2.593888371
Uganda,2002,2.988527292
Uganda,2003,3.060331946
Uganda,2004,3.720850757
Uganda,2005,4.110826068
Uganda,2006,6.457058045
Uganda,2007,6.656597303
Uganda,2008,5.04737194
Uganda,2009,3.349161551
Uganda,2010,2.039004693
Uganda,2011,3.208606039
Uganda,2012,4.414385873
Uganda,2013,3.790317034
Uganda,2014,3.24589608
Uganda,2015,2.277605067
Uganda,2016,2.14253048
Uganda,2017,2.610889174
Uganda,2018,3.205128111
Uganda,2019,3.602542903
Uganda,2020,2.32383307
Uganda,2021,2.715184651
Zambia,1990,6.170063526
Zambia,1991,1.015128567
Zambia,1992,1.414239664
Zambia,1993,9.605168154
Zambia,1994,1.093898095
Zambia,1995,2.810562477
Zambia,1996,3.533283091
Zambia,1997,4.819577319
Zambia,1998,5.596883537
Zambia,1999,4.758670801
Zambia,2000,3.379914273
Zambia,2001,3.541352382
Zambia,2002,7.11494945
Zambia,2003,7.078974814
Zambia,2004,5.851719252
Zambia,2005,4.284032189
Zambia,2006,4.827128722
Zambia,2007,9.418111673
Zambia,2008,5.240508113
Zambia,2009,4.532779776
Zambia,2010,8.533196438
Zambia,2011,4.725161569
Zambia,2012,6.789381241
Zambia,2013,7.489325056
Zambia,2014,5.555427918
Zambia,2015,7.44741669
Zambia,2016,3.162519748
Zambia,2017,4.280501171
Zambia,2018,1.552313969
Zambia,2019,2.350919043
Zambia,2020,1.353931216
Zambia,2021,-3.716345994
Zimbabwe,1990,-0.138958362
Zimbabwe,1991,0.032291753
Zimbabwe,1992,0.221431698
Zimbabwe,1993,0.425897783
Zimbabwe,1994,0.502837235
Zimbabwe,1995,1.655119106
Zimbabwe,1996,0.945850735
Zimbabwe,1997,1.583901352
Zimbabwe,1998,6.940053217
Zimbabwe,1999,0.860307485
Zimbabwe,2000,0.346788445
Zimbabwe,2001,0.056068824
Zimbabwe,2002,0.408381024
Zimbabwe,2003,0.066345508
Zimbabwe,2004,0.149855352
Zimbabwe,2005,1.786206014
Zimbabwe,2006,0.734767827
Zimbabwe,2007,1.301977507
Zimbabwe,2008,1.168556906
Zimbabwe,2009,1.086305046
Zimbabwe,2010,1.018021732
Zimbabwe,2011,2.441511457
Zimbabwe,2012,2.04413128
Zimbabwe,2013,1.954060077
Zimbabwe,2014,2.425172598
Zimbabwe,2015,1.999687363
Zimbabwe,2016,1.669274355
Zimbabwe,2017,1.746884526
Zimbabwe,2018,2.101721082
Zimbabwe,2019,1.142805585
Zimbabwe,2020,0.699033511
Zimbabwe,2021,0.585099586
